기업코드,기업명,수익성,효율성,퀄리티,변동성,기업분류지표
095570,AJ네트웍스,p,e,q,V,peqV
006840,AK홀딩스,p,e,q,V,peqV
027410,BGF,p,e,Q,V,peQV
282330,BGF리테일,P,E,q,V,PEqV
001460,BYC,p,e,Q,V,peQV
001040,CJ,p,e,q,v,peqv
079160,CJ CGV,P,e,q,V,PeqV
000120,CJ대한통운,P,e,q,V,PeqV
097950,CJ제일제당,p,e,q,V,peqV
000480,CR홀딩스,p,e,q,V,peqV
000590,CS홀딩스,p,e,Q,V,peQV
012030,DB,p,e,q,V,peqV
000990,DB하이텍,p,e,Q,v,peQv
001530,DI동일,P,e,Q,V,PeQV
000210,DL,p,e,q,V,peqV
375500,DL이앤씨,P,e,q,V,PeqV
007340,DN오토모티브,p,e,q,V,peqV
004840,DRB동일,p,e,Q,v,peQv
155660,DSR,p,e,Q,V,peQV
069730,DSR제강,p,e,Q,V,peQV
017940,E1,P,e,q,V,PeqV
383220,F&F,p,E,Q,V,pEQV
007700,F&F홀딩스,p,e,Q,v,peQv
114090,GKL,p,E,Q,V,pEQV
078930,GS,p,e,Q,V,peQV
006360,GS건설,p,e,q,V,peqV
001250,GS글로벌,P,e,q,V,PeqV
007070,GS리테일,P,e,q,V,PeqV
012630,HDC,p,e,q,V,peqV
039570,HDC랩스,P,E,Q,V,PEQV
089470,HDC현대EP,p,e,Q,V,peQV
294870,HDC현대산업개발,p,e,q,V,peqV
009540,HD한국조선해양,P,e,q,v,Peqv
267250,HD현대,p,e,q,V,peqV
267270,HD현대건설기계,p,e,Q,v,peQv
010620,HD현대미포,P,E,q,v,PEqv
322000,HD현대에너지솔루션,P,e,Q,v,PeQv
042670,HD현대인프라코어,p,e,q,v,peqv
267260,HD현대일렉트릭,p,E,Q,v,pEQv
329180,HD현대중공업,P,E,q,v,PEqv
097230,HJ중공업,P,e,q,V,PeqV
014790,HL D&I,p,e,q,V,peqV
003580,HLB글로벌,P,E,q,v,PEqv
204320,HL만도,p,e,q,v,peqv
060980,HL홀딩스,p,e,q,V,peqV
011200,HMM,p,e,Q,v,peQv
035000,HS애드,P,e,q,V,PeqV
002460,HS화성,p,e,q,V,peqV
003560,IHQ,P,e,Q,v,PeQv
234080,JW생명과학,p,e,Q,V,peQV
001060,JW중외제약,p,E,Q,v,pEQv
096760,JW홀딩스,p,E,q,V,pEqV
002380,KCC,p,e,q,v,peqv
344820,KCC글라스,p,e,Q,V,peQV
009070,KCTC,p,e,q,V,peqV
009440,KC그린홀딩스,p,e,Q,v,peQv
119650,KC코트렐,P,e,q,V,PeqV
092220,KEC,P,e,Q,v,PeQv
003620,KG모빌리티,p,e,q,v,peqv
016380,KG스틸,p,e,Q,v,peQv
001390,KG케미칼,p,e,Q,v,peQv
033180,KH 필룩스,P,e,q,v,Peqv
001940,KISCO홀딩스,P,e,Q,V,PeQV
025000,KPX케미칼,p,e,Q,V,peQV
092230,KPX홀딩스,p,e,Q,V,peQV
000040,KR모터스,P,E,q,v,PEqv
044450,KSS해운,p,e,q,V,peqV
030200,KT,p,e,q,V,peqV
033780,KT&G,p,e,Q,V,peQV
058850,KTcs,P,e,Q,v,PeQv
058860,KTis,P,e,q,V,PeqV
093050,LF,p,e,Q,V,peQV
003550,LG,p,e,Q,v,peQv
034220,LG디스플레이,P,e,q,v,Peqv
051900,LG생활건강,p,e,Q,V,peQV
373220,LG에너지솔루션,P,E,Q,v,PEQv
032640,LG유플러스,p,e,q,V,peqV
011070,LG이노텍,p,e,Q,v,peQv
066570,LG전자,p,e,q,V,peqV
037560,LG헬로비전,P,e,q,v,Peqv
051910,LG화학,P,e,Q,v,PeQv
079550,LIG넥스원,p,E,q,v,pEqv
006260,LS,P,e,q,v,Peqv
010120,LS ELECTRIC,p,e,Q,v,peQv
000680,LS네트웍스,P,e,q,v,Peqv
229640,LS에코에너지,p,E,q,v,pEqv
108320,LX세미콘,p,e,Q,V,peQV
001120,LX인터내셔널,P,e,q,V,PeqV
108670,LX하우시스,P,e,q,V,PeqV
383800,LX홀딩스,p,e,Q,V,peQV
023150,MH에탄올,P,e,q,V,PeqV
035420,NAVER,p,e,Q,v,peQv
181710,NHN,P,e,Q,V,PeQV
034310,NICE,P,e,q,V,PeqV
030190,NICE평가정보,p,e,Q,V,peQV
008260,NI스틸,p,e,Q,V,peQV
004250,NPC,p,e,Q,V,peQV
010060,OCI홀딩스,p,e,Q,v,peQv
178920,PI첨단소재,p,E,Q,v,pEQv
005490,POSCO홀딩스,p,e,Q,v,peQv
010950,S-Oil,p,e,q,V,peqV
034120,SBS,P,e,Q,V,PeQV
005090,SGC에너지,p,e,q,V,peqV
001380,SG글로벌,p,e,Q,V,peQV
001770,SHD,P,e,Q,V,PeQV
002360,SH에너지화학,P,e,Q,V,PeQV
009160,SIMPAC,P,e,Q,v,PeQv
123700,SJM,p,e,Q,V,peQV
025530,SJM홀딩스,p,e,Q,v,peQv
034730,SK,p,e,q,v,peqv
011790,SKC,P,e,q,v,Peqv
018670,SK가스,P,e,q,V,PeqV
001740,SK네트웍스,P,e,q,v,Peqv
006120,SK디스커버리,P,e,q,V,PeqV
210980,SK디앤디,P,e,q,V,PeqV
302440,SK바이오사이언스,P,E,Q,v,PEQv
326030,SK바이오팜,p,E,q,v,pEqv
402340,SK스퀘어,p,e,Q,v,peQv
361610,SK아이이테크놀로지,P,e,Q,v,PeQv
100090,SK오션플랜트,p,e,Q,v,peQv
096770,SK이노베이션,P,e,q,v,Peqv
285130,SK케미칼,P,e,Q,V,PeQV
017670,SK텔레콤,p,e,q,V,peqV
000660,SK하이닉스,p,E,q,v,pEqv
003570,SNT다이내믹스,p,e,Q,V,peQV
064960,SNT모티브,p,e,Q,V,peQV
100840,SNT에너지,p,e,Q,V,peQV
036530,SNT홀딩스,p,e,Q,V,peQV
005610,SPC삼립,P,e,q,V,PeqV
011810,STX,P,E,q,v,PEqv
077970,STX엔진,p,e,q,V,peqV
071970,STX중공업,p,e,Q,v,peQv
002820,SUN&L,P,e,q,V,PeqV
084870,TBH글로벌,P,e,Q,V,PeQV
002710,TCC스틸,P,E,q,v,PEqv
069260,TKG휴켐스,p,e,Q,V,peQV
007980,TP,P,e,q,v,Peqv
002900,TYM,p,e,Q,v,peQv
024070,WISCOM,P,e,Q,V,PeQV
037270,YG PLUS,P,E,Q,v,PEQv
000500,가온전선,P,e,q,v,Peqv
000860,강남제비스코,P,e,Q,V,PeQV
035250,강원랜드,p,e,Q,V,peQV
011420,갤럭시아에스엠,p,e,Q,v,peQv
002100,경농,p,e,Q,V,peQV
009450,경동나비엔,p,e,Q,V,peQV
267290,경동도시가스,P,e,Q,V,PeQV
012320,경동인베스트,P,e,Q,v,PeQv
000050,경방,p,e,Q,V,peQV
214390,경보제약,p,e,Q,v,peQv
012610,경인양행,p,e,q,V,peqV
013580,계룡건설,p,e,q,V,peqV
012200,계양전기,P,e,q,V,PeqV
002140,고려산업,P,e,q,V,PeqV
010130,고려아연,p,e,Q,V,peQV
002240,고려제강,p,e,Q,v,peQv
009290,광동제약,p,e,Q,V,peQV
017040,광명전기,P,e,Q,V,PeQV
017900,광전자,p,e,Q,v,peQv
037710,광주신세계,p,e,Q,V,peQV
339770,교촌에프앤비,p,e,Q,V,peQV
007690,국도화학,P,e,q,V,PeqV
005320,국동,P,e,q,v,Peqv
001140,국보,P,e,q,v,Peqv
002720,국제약품,p,e,q,v,peqv
083420,그린케미칼,P,e,Q,v,PeQv
014530,극동유화,P,e,q,V,PeqV
014280,금강공업,p,e,q,V,peqV
008870,금비,P,e,q,V,PeqV
001570,금양,P,E,q,v,PEqv
002990,금호건설,P,e,q,V,PeqV
011780,금호석유,p,e,Q,v,peQv
214330,금호에이치티,p,e,Q,V,peQV
001210,금호전기,P,e,q,V,PeqV
073240,금호타이어,p,e,q,v,peqv
000270,기아,p,e,Q,v,peQv
004540,깨끗한나라,P,e,q,v,Peqv
001260,남광토건,p,e,q,V,peqV
008350,남선알미늄,P,e,Q,v,PeQv
004270,남성,P,e,q,V,PeqV
003920,남양유업,P,E,Q,V,PEQV
025860,남해화학,p,e,Q,V,peQV
005720,넥센,p,e,q,V,peqV
002350,넥센타이어,p,e,q,V,peqV
251270,넷마블,P,e,Q,v,PeQv
090350,노루페인트,p,e,Q,v,peQv
000320,노루홀딩스,p,e,Q,V,peQV
006280,녹십자,P,E,Q,V,PEQV
005250,녹십자홀딩스,P,e,q,V,PeqV
004370,농심,p,e,Q,V,peQV
072710,농심홀딩스,p,e,Q,V,peQV
058730,다스코,P,e,q,V,PeqV
023590,다우기술,p,e,q,v,peqv
145210,다이나믹디자인,P,E,q,v,PEqv
006370,대구백화점,P,e,q,V,PeqV
008060,대덕,P,e,Q,V,PeQV
353200,대덕전자,P,e,Q,v,PeQv
000490,대동,P,e,q,v,Peqv
005750,대림B&Co,P,e,q,V,PeqV
006570,대림통상,P,e,q,V,PeqV
001680,대상,p,e,q,V,peqV
084690,대상홀딩스,P,e,q,v,Peqv
128820,대성산업,P,e,q,V,PeqV
117580,대성에너지,p,e,q,v,peqv
016710,대성홀딩스,p,e,q,V,peqV
009190,대양금속,P,e,q,v,Peqv
014160,대영포장,p,e,Q,V,peQV
047040,대우건설,p,e,q,V,peqV
003090,대웅,p,e,Q,v,peQv
069620,대웅제약,p,E,Q,V,pEQV
000430,대원강업,p,e,Q,v,peQv
006340,대원전선,P,e,q,V,PeqV
003220,대원제약,p,e,Q,V,peQV
024890,대원화성,P,e,q,V,PeqV
002880,대유에이텍,p,e,q,v,peqv
000300,대유플러스,P,e,Q,v,PeQv
012800,대창,P,e,q,V,PeqV
015230,대창단조,p,e,Q,V,peQV
001070,대한방직,P,e,Q,V,PeQV
006650,대한유화,P,e,Q,v,PeQv
001440,대한전선,P,e,Q,v,PeQv
084010,대한제강,P,e,Q,V,PeQV
001790,대한제당,P,e,q,V,PeqV
001130,대한제분,p,e,Q,V,peQV
003490,대한항공,p,e,q,V,peqV
005880,대한해운,p,e,q,v,peqv
003830,대한화섬,p,e,Q,V,peQV
016090,대현,p,e,Q,V,peQV
069460,대호에이엘,P,e,Q,V,PeQV
192080,더블유게임즈,p,e,Q,V,peQV
012510,더존비즈온,p,E,Q,v,pEQv
004830,덕성,p,e,Q,v,peQv
024900,덕양산업,P,e,q,v,Peqv
145720,덴티움,p,E,Q,v,pEQv
002150,도화엔지니어링,P,e,Q,V,PeQV
001230,동국홀딩스,p,e,Q,v,peQv
023450,동남합성,p,E,Q,V,pEQV
004140,동방,p,e,q,v,peqv
007590,동방아그로,p,e,Q,V,peQV
005960,동부건설,P,e,q,V,PeqV
026960,동서,p,e,Q,V,peQV
002210,동성제약,P,E,q,V,PEqV
102260,동성케미컬,p,e,Q,V,peQV
000640,동아쏘시오홀딩스,p,e,Q,V,peQV
170900,동아에스티,P,e,q,V,PeqV
028100,동아지질,P,e,Q,V,PeQV
282690,동아타이어,p,e,Q,V,peQV
001520,동양,P,e,Q,V,PeQV
084670,동양고속,P,e,q,V,PeqV
008970,동양철관,P,e,q,V,PeqV
092780,동양피스톤,p,e,q,V,peqV
049770,동원F&B,p,e,Q,V,peQV
006040,동원산업,p,e,q,v,peqv
030720,동원수산,p,e,q,V,peqV
014820,동원시스템즈,p,e,Q,v,peQv
163560,동일고무벨트,p,e,Q,v,peQv
004890,동일산업,P,e,Q,V,PeQV
002690,동일제강,P,e,Q,V,PeQV
000020,동화약품,p,e,Q,V,peQV
000150,두산,p,E,q,v,pEqv
241560,두산밥캣,p,e,Q,v,peQv
034020,두산에너빌리티,p,e,q,v,peqv
016740,두올,p,e,Q,v,peQv
024090,디씨엠,p,e,Q,V,peQV
003160,디아이,P,e,Q,v,PeQv
092200,디아이씨,P,e,q,v,Peqv
013570,디와이,p,e,Q,V,peQV
210540,디와이파워,p,e,Q,V,peQV
115390,락앤락,P,e,Q,V,PeQV
032350,롯데관광개발,P,E,q,V,PEqV
089860,롯데렌탈,p,e,q,V,peqV
023530,롯데쇼핑,P,e,q,V,PeqV
020150,롯데에너지머티리얼즈,P,E,Q,v,PEQv
280360,롯데웰푸드,P,e,Q,V,PeQV
286940,롯데이노베이트,P,e,Q,v,PeQv
004000,롯데정밀화학,p,e,Q,V,peQV
004990,롯데지주,P,e,q,V,PeqV
005300,롯데칠성,P,e,q,V,PeqV
011170,롯데케미칼,P,e,Q,v,PeQv
071840,롯데하이마트,P,e,q,V,PeqV
027740,마니커,P,e,q,V,PeqV
001080,만호제강,P,e,Q,V,PeQV
090370,메타랩스,P,E,q,V,PEqV
017180,명문제약,P,e,q,V,PeqV
009900,명신산업,p,e,Q,v,peQv
012690,모나리자,p,e,Q,V,peQV
070960,모나용평,p,e,q,V,peqV
009680,모토닉,p,e,Q,V,peQV
009580,무림P&P,P,e,q,V,PeqV
009200,무림페이퍼,p,e,q,V,peqV
033920,무학,p,e,Q,V,peQV
008420,문배철강,p,e,Q,V,peQV
025560,미래산업,p,e,q,v,peqv
007120,미래아이앤지,p,e,q,V,peqV
002840,미원상사,p,E,Q,V,pEQV
268280,미원에스씨,p,E,Q,V,pEQV
107590,미원홀딩스,p,e,Q,V,peQV
134380,미원화학,p,e,Q,V,peQV
003650,미창석유,p,e,Q,V,peQV
377740,바이오노트,p,e,Q,V,peQV
003610,방림,P,e,Q,V,PeQV
001340,백광산업,p,E,q,V,pEqV
035150,백산,p,e,Q,V,peQV
002410,범양건영,P,e,q,v,Peqv
007210,벽산,P,e,Q,V,PeQV
002760,보락,P,e,Q,V,PeQV
003850,보령,p,e,Q,V,peQV
000890,보해양조,p,e,Q,V,peQV
003000,부광약품,P,e,q,V,PeqV
026940,부국철강,P,e,Q,v,PeQv
011390,부산산업,P,e,Q,V,PeQV
005030,부산주공,P,E,q,V,PEqV
002070,비비안,P,e,q,V,PeqV
100220,비상교육,p,e,q,v,peqv
090460,비에이치,p,e,Q,V,peQV
005180,빙그레,p,e,Q,V,peQV
003960,사조대림,p,e,Q,v,peQv
008040,사조동아원,p,e,Q,V,peQV
007160,사조산업,p,e,Q,V,peQV
006090,사조오양,p,e,Q,V,peQV
001470,삼부토건,P,E,q,v,PEqv
028050,삼성E&A,p,e,Q,v,peQv
006400,삼성SDI,p,E,Q,v,pEQv
006660,삼성공조,p,e,Q,V,peQV
028260,삼성물산,p,e,Q,v,peQv
207940,삼성바이오로직스,p,E,Q,V,pEQV
018260,삼성에스디에스,p,e,Q,V,peQV
009150,삼성전기,p,e,Q,v,peQv
005930,삼성전자,p,e,Q,V,peQV
001360,삼성제약,P,e,q,V,PeqV
010140,삼성중공업,P,E,q,v,PEqv
068290,삼성출판사,p,E,Q,v,pEQv
006110,삼아알미늄,P,E,Q,v,PEQv
145990,삼양사,p,e,Q,V,peQV
003230,삼양식품,p,E,Q,V,pEQV
002170,삼양통상,p,e,Q,V,peQV
272550,삼양패키징,P,e,Q,V,PeQV
000070,삼양홀딩스,p,e,Q,V,peQV
003720,삼영,p,E,Q,v,pEQv
002810,삼영무역,p,e,Q,V,peQV
005680,삼영전자,p,e,Q,V,peQV
023000,삼원강재,p,e,Q,V,peQV
004380,삼익THK,P,E,q,v,PEqv
002450,삼익악기,p,e,Q,V,peQV
004440,삼일씨엔에스,P,e,Q,V,PeQV
000520,삼일제약,P,e,q,v,Peqv
009770,삼정펄프,p,e,Q,V,peQV
005500,삼진제약,p,e,Q,V,peQV
004690,삼천리,p,e,q,V,peqV
010960,삼호개발,p,e,Q,V,peQV
004450,삼화왕관,p,e,q,V,peqV
009470,삼화전기,p,E,Q,v,pEQv
011230,삼화전자,P,E,q,v,PEqv
001820,삼화콘덴서,p,e,Q,V,peQV
000390,삼화페인트,P,e,Q,V,PeQV
041650,상신브레이크,p,e,q,V,peqV
075180,새론오토모티브,p,e,Q,V,peQV
007540,샘표,p,e,Q,V,peQV
248170,샘표식품,p,e,Q,V,peQV
007860,서연,p,e,Q,v,peQv
200880,서연이화,p,e,q,v,peqv
017390,서울가스,p,e,Q,V,peQV
004410,서울식품,P,E,q,V,PEqV
008490,서흥,p,e,q,V,peqV
007610,선도전기,p,e,q,V,peqV
014910,성문전자,p,e,Q,V,peQV
003080,성보화학,p,e,Q,V,peQV
004980,성신양회,p,e,Q,V,peQV
011300,성안머티리얼스,P,E,q,V,PEqV
000180,성창기업지주,P,e,Q,V,PeQV
002420,세기상사,P,e,q,V,PeqV
004360,세방,p,e,Q,V,peQV
004490,세방전지,p,e,Q,v,peQv
001430,세아베스틸지주,P,e,Q,v,PeQv
306200,세아제강,p,e,Q,V,peQV
003030,세아제강지주,p,e,Q,v,peQv
019440,세아특수강,P,e,q,V,PeqV
058650,세아홀딩스,P,e,Q,V,PeQV
013000,세우글로벌,p,e,Q,V,peQV
091090,세원이앤씨,P,e,q,V,PeqV
021820,세원정공,p,e,Q,V,peQV
067830,세이브존I&C,p,e,Q,V,peQV
075580,세진중공업,p,E,Q,V,pEQV
068270,셀트리온,P,E,Q,v,PEQv
336370,솔루스첨단소재,P,E,Q,v,PEQv
248070,솔루엠,p,E,Q,V,pEQV
004430,송원산업,p,e,Q,V,peQV
126720,수산인더스트리,p,e,Q,V,peQV
017550,수산중공업,p,e,Q,V,peQV
053210,스카이라이프,P,e,q,V,PeqV
134790,시디즈,P,e,Q,V,PeQV
016590,신대양제지,p,e,Q,V,peQV
029530,신도리코,p,e,Q,V,peQV
004970,신라교역,p,e,Q,V,peQV
011930,신성이엔지,P,E,q,v,PEqv
005390,신성통상,P,e,q,V,PeqV
004170,신세계,p,e,q,V,peqV
035510,신세계 I&C,p,e,Q,V,peQV
031430,신세계인터내셔날,p,e,Q,V,peQV
031440,신세계푸드,P,e,q,V,PeqV
006880,신송홀딩스,p,e,q,v,peqv
005800,신영와코루,p,e,Q,V,peQV
009270,신원,P,e,q,V,PeqV
002700,신일전자,P,e,Q,V,PeQV
002870,신풍,p,e,Q,V,peQV
019170,신풍제약,P,e,q,v,Peqv
004080,신흥,p,e,Q,V,peQV
102280,쌍방울,P,e,q,V,PeqV
004770,써니전자,p,e,Q,V,peQV
403550,쏘카,P,E,q,V,PEqV
004920,씨아이테크,P,e,q,V,PeqV
112610,씨에스윈드,P,E,q,v,PEqv
308170,씨티알모빌리티,P,e,q,V,PeqV
008700,아남전자,P,e,Q,V,PeQV
002790,아모레G,p,e,Q,V,peQV
090430,아모레퍼시픽,p,E,Q,V,pEQV
002030,아세아,p,e,Q,V,peQV
183190,아세아시멘트,p,e,Q,V,peQV
002310,아세아제지,p,e,Q,V,peQV
012170,아센디오,P,E,q,v,PEqv
267850,아시아나IDT,p,e,Q,v,peQv
020560,아시아나항공,P,e,q,V,PeqV
122900,아이마켓코리아,P,e,q,V,PeqV
010780,아이에스동서,p,e,q,v,peqv
139990,아주스틸,P,e,q,V,PeqV
001780,알루코,p,e,q,v,peqv
018250,애경산업,p,e,Q,V,peQV
161000,애경케미칼,P,e,Q,v,PeQv
011090,에넥스,P,e,q,V,PeqV
137310,에스디바이오센서,P,e,Q,v,PeQv
005850,에스엘,p,e,Q,v,peQv
010580,에스엠벡셀,P,E,q,V,PEqV
012750,에스원,p,e,Q,V,peQV
033530,에스제이지세종,p,e,q,v,peqv
023960,에쓰씨엔지니어링,P,e,q,V,PeqV
298690,에어부산,p,e,q,V,peqV
078520,에이블씨엔씨,p,E,Q,V,pEQV
015260,에이엔피,P,e,q,v,Peqv
007460,에이프로젠,P,E,q,v,PEqv
003060,에이프로젠바이오로직스,P,e,q,v,Peqv
244920,에이플러스에셋,p,e,Q,V,peQV
278470,에이피알,p,E,Q,V,pEQV
450080,에코프로머티,P,E,Q,v,PEQv
036570,엔씨소프트,p,e,Q,v,peQv
900140,엘브이엠씨홀딩스,P,e,Q,v,PeQv
066970,엘앤에프,P,E,q,v,PEqv
097520,엠씨넥스,p,e,Q,V,peQV
014440,영보화학,p,e,Q,V,peQV
111770,영원무역,p,e,Q,V,peQV
009970,영원무역홀딩스,p,e,Q,V,peQV
003520,영진약품,p,E,q,V,pEqV
000670,영풍,P,e,Q,V,PeQV
006740,영풍제지,P,e,q,V,PeqV
012280,영화금속,P,e,q,V,PeqV
012160,영흥,P,e,q,V,PeqV
015360,예스코홀딩스,p,e,q,V,peqV
007310,오뚜기,p,e,Q,V,peQV
271560,오리온,p,e,Q,v,peQv
001800,오리온홀딩스,p,e,Q,V,peQV
011690,와이투솔루션,p,e,Q,v,peQv
006980,우성,P,e,q,V,PeqV
017370,우신시스템,p,e,q,v,peqv
105840,우진,p,e,Q,v,peQv
010400,우진아이엔에스,P,e,Q,V,PeQV
049800,우진플라임,P,E,q,V,PEqV
016880,웅진,P,e,q,v,Peqv
095720,웅진씽크빅,P,e,q,V,PeqV
005820,원림,p,e,Q,V,peQV
010600,웰바이오텍,P,e,q,v,Peqv
008600,윌비스,P,e,q,V,PeqV
033270,유나이티드제약,p,e,Q,V,peQV
014830,유니드,p,e,Q,V,peQV
446070,유니드비티플러스,P,e,Q,V,PeQV
000910,유니온,P,e,q,V,PeqV
047400,유니온머티리얼,P,e,q,v,Peqv
011330,유니켐,P,E,Q,v,PEQv
077500,유니퀘스트,p,e,q,v,peqv
002920,유성기업,p,e,Q,V,peQV
000700,유수홀딩스,p,e,Q,V,peQV
000220,유유제약,p,e,Q,v,peQv
000100,유한양행,P,E,Q,V,PEQV
008730,율촌화학,p,E,q,v,pEqv
008250,이건산업,P,e,q,V,PeqV
025820,이구산업,P,e,q,v,Peqv
214320,이노션,p,e,q,V,peqV
139480,이마트,P,e,q,v,Peqv
007660,이수페타시스,p,E,Q,v,pEQv
005950,이수화학,P,E,q,v,PEqv
015020,이스타코,P,e,q,V,PeqV
093230,이아이디,P,E,q,V,PEqV
074610,이엔플러스,P,E,q,v,PEqv
102460,이연제약,P,E,q,V,PEqV
084680,이월드,P,E,q,v,PEqv
000760,이화산업,p,e,Q,V,peQV
014990,인디에프,P,e,q,V,PeqV
101140,인바이오젠,p,e,Q,V,peQV
006490,인스코비,P,E,q,V,PEqV
023800,인지컨트롤스,p,e,q,V,peqV
034590,인천도시가스,P,e,q,V,PeqV
129260,인터지스,P,e,Q,V,PeQV
023810,인팩,p,e,q,V,peqV
249420,일동제약,P,E,q,V,PEqV
000230,일동홀딩스,P,E,q,V,PEqV
013360,일성건설,P,e,q,v,Peqv
003120,일성아이에스,P,e,Q,V,PeQV
003200,일신방직,P,e,Q,V,PeQV
007110,일신석재,P,e,Q,V,PeQV
007570,일양약품,p,e,Q,V,peQV
008500,일정실업,p,E,q,V,pEqV
081000,일진다이아,p,e,Q,V,peQV
020760,일진디스플,p,E,q,v,pEqv
103590,일진전기,p,E,Q,v,pEQv
271940,일진하이솔루스,P,e,Q,v,PeQv
015860,일진홀딩스,p,e,Q,V,peQV
226320,잇츠한불,p,e,Q,V,peQV
317400,자이에스앤디,P,e,Q,V,PeQV
033240,자화전자,p,e,Q,v,peQv
000950,전방,P,e,Q,V,PeQV
194370,제이에스코퍼레이션,p,e,q,V,peqV
025620,제이준코스메틱,P,e,Q,V,PeQV
030000,제일기획,p,e,Q,V,peQV
271980,제일약품,P,E,q,V,PEqV
001560,제일연마,p,e,Q,V,peQV
002620,제일파마홀딩스,P,e,q,V,PeqV
089590,제주항공,p,E,q,V,pEqV
004910,조광페인트,P,e,q,V,PeqV
004700,조광피혁,p,e,Q,V,peQV
001550,조비,p,e,q,V,peqV
120030,조선선재,p,e,Q,V,peQV
018470,조일알미늄,P,e,q,v,Peqv
002600,조흥,p,e,q,V,peqV
185750,종근당,p,E,Q,v,pEQv
063160,종근당바이오,p,e,q,V,peqV
001630,종근당홀딩스,p,e,Q,V,peQV
109070,주성코퍼레이션,p,E,Q,V,pEQV
044380,주연테크,P,e,Q,V,PeQV
013890,지누스,P,e,Q,V,PeQV
013870,지엠비코리아,P,e,q,V,PeqV
071320,지역난방공사,p,e,q,v,peqv
088790,진도,p,e,Q,V,peQV
003780,진양산업,p,e,Q,V,peQV
010640,진양폴리,p,E,Q,V,pEQV
100250,진양홀딩스,P,e,Q,V,PeQV
051630,진양화학,P,e,Q,V,PeQV
272450,진에어,p,E,q,V,pEqV
011000,진원생명과학,P,e,q,v,Peqv
002780,진흥기업,p,e,Q,V,peQV
009310,참엔지니어링,P,e,q,v,Peqv
000650,천일고속,P,E,q,V,PEqV
012600,청호ICT,p,E,Q,V,pEQV
033250,체시스,p,e,Q,v,peQv
035720,카카오,p,E,q,v,pEqv
377300,카카오페이,P,E,q,v,PEqv
006380,카프로,P,e,Q,V,PeQV
001620,케이비아이동국실업,P,e,q,V,PeqV
029460,케이씨,p,e,Q,v,peQv
281820,케이씨텍,p,E,Q,v,pEQv
381970,케이카,P,E,Q,V,PEQV
007810,코리아써키트,P,e,q,v,Peqv
192820,코스맥스,p,E,q,V,pEqV
044820,코스맥스비티아이,P,e,q,V,PeqV
005070,코스모신소재,p,E,Q,v,pEQv
005420,코스모화학,P,E,q,v,PEqv
071950,코아스,P,e,q,v,Peqv
002020,코오롱,P,e,q,V,PeqV
138490,코오롱ENP,p,e,Q,V,peQV
003070,코오롱글로벌,P,e,q,v,Peqv
450140,코오롱모빌리티그룹,P,e,q,v,Peqv
120110,코오롱인더,P,e,q,V,PeqV
021240,코웨이,p,e,Q,V,peQV
036420,콘텐트리중앙,P,E,q,V,PEqV
031820,콤텍시스템,P,e,Q,V,PeQV
192400,쿠쿠홀딩스,p,e,Q,V,peQV
284740,쿠쿠홈시스,p,e,Q,V,peQV
264900,크라운제과,p,e,Q,V,peQV
005740,크라운해태홀딩스,p,e,Q,V,peQV
259960,크래프톤,p,E,Q,v,pEQv
020120,키다리스튜디오,P,e,q,v,Peqv
014580,태경비케이,p,e,Q,V,peQV
015890,태경산업,p,e,Q,V,peQV
006890,태경케미컬,p,e,Q,V,peQV
003240,태광산업,P,e,Q,v,PeQv
011280,태림포장,P,e,q,v,Peqv
004100,태양금속,p,e,q,v,peqv
009410,태영건설,P,e,q,v,Peqv
055490,테이팩스,P,e,Q,v,PeQv
078000,텔코웨어,P,e,Q,V,PeQV
214420,토니모리,p,e,Q,v,peQv
019180,티에이치엔,p,e,q,V,peqV
363280,티와이홀딩스,P,e,q,v,Peqv
091810,티웨이항공,p,E,q,V,pEqV
004870,티웨이홀딩스,p,e,Q,V,peQV
034230,파라다이스,p,e,Q,V,peQV
005690,파미셀,P,E,Q,V,PEQV
036580,팜스코,P,e,q,V,PeqV
004720,팜젠사이언스,p,e,Q,V,peQV
028670,팬오션,p,e,Q,v,peQv
016800,퍼시스,p,e,Q,V,peQV
001020,페이퍼코리아,P,e,Q,V,PeQV
090080,평화산업,P,e,q,V,PeqV
010770,평화홀딩스,P,e,q,V,PeqV
022100,포스코DX,p,E,Q,v,pEQv
058430,포스코스틸리온,p,e,Q,v,peQv
047050,포스코인터내셔널,P,e,q,v,Peqv
003670,포스코퓨처엠,p,E,q,v,pEqv
017810,풀무원,P,e,q,V,PeqV
103140,풍산,p,e,Q,V,peQV
005810,풍산홀딩스,p,e,Q,V,peQV
950210,프레스티지바이오파마,P,e,Q,V,PeQV
009810,플레이그램,P,e,q,V,PeqV
293480,하나제약,p,e,Q,V,peQV
039130,하나투어,p,E,q,V,pEqV
352820,하이브,p,E,Q,v,pEQv
071090,하이스틸,P,e,Q,v,PeQv
019490,하이트론,P,E,q,V,PEqV
000080,하이트진로,p,e,q,V,peqV
000140,하이트진로홀딩스,p,e,q,V,peqV
036460,한국가스공사,p,e,q,v,peqv
005430,한국공항,p,e,Q,V,peQV
010040,한국내화,P,e,q,V,PeqV
025540,한국단자,p,e,Q,V,peQV
010100,한국무브넥스,p,e,q,v,peqv
004090,한국석유,P,e,Q,V,PeQV
002200,한국수출포장,p,e,Q,V,peQV
002960,한국쉘석유,p,E,Q,V,pEQV
000240,한국앤컴퍼니,p,e,Q,v,peQv
015760,한국전력,p,e,q,V,peqV
006200,한국전자홀딩스,P,e,Q,V,PeQV
025890,한국주강,P,e,Q,V,PeQV
000970,한국주철관,p,e,Q,V,peQV
104700,한국철강,P,e,Q,V,PeQV
017960,한국카본,P,e,Q,V,PeQV
161890,한국콜마,p,e,q,V,peqV
161390,한국타이어앤테크놀로지,p,e,Q,V,peQV
007280,한국특강,P,e,q,V,PeqV
047810,한국항공우주,p,E,q,V,pEqV
123690,한국화장품,p,E,Q,V,pEQV
003350,한국화장품제조,p,e,Q,V,peQV
011500,한농화성,P,E,Q,v,PEQv
002390,한독,P,e,q,V,PeqV
053690,한미글로벌,p,e,Q,v,peQv
042700,한미반도체,p,E,Q,v,pEQv
008930,한미사이언스,p,E,Q,v,pEQv
128940,한미약품,p,E,Q,V,pEQV
009240,한샘,p,E,q,V,pEqV
020000,한섬,p,e,Q,V,peQV
003680,한성기업,p,e,q,v,peqv
105630,한세실업,p,e,Q,V,peQV
069640,한세엠케이,P,e,q,V,PeqV
016450,한세예스24홀딩스,p,e,Q,V,peQV
010420,한솔PNS,P,e,q,V,PeqV
009180,한솔로지스틱스,p,e,Q,V,peQV
213500,한솔제지,p,e,q,V,peqV
014680,한솔케미칼,p,E,Q,v,pEQv
004710,한솔테크닉스,p,e,Q,V,peQV
004150,한솔홀딩스,P,e,Q,V,PeQV
025750,한솔홈데코,P,e,q,V,PeqV
004960,한신공영,P,e,q,V,PeqV
011700,한신기계,p,E,Q,v,pEQv
018880,한온시스템,P,e,q,V,PeqV
009420,한올바이오파마,P,E,Q,v,PEQv
014130,한익스프레스,P,e,q,v,Peqv
300720,한일시멘트,p,e,Q,V,peQV
002220,한일철강,P,e,q,V,PeqV
006390,한일현대시멘트,p,e,Q,V,peQV
003300,한일홀딩스,p,e,Q,V,peQV
051600,한전KPS,p,e,Q,V,peQV
052690,한전기술,p,E,Q,v,pEQv
130660,한전산업,p,E,Q,V,pEQV
002320,한진,P,e,q,v,Peqv
003480,한진중공업홀딩스,p,e,q,V,peqV
180640,한진칼,p,E,Q,v,pEQv
005110,한창,p,E,q,v,pEqv
009460,한창제지,P,e,q,V,PeqV
372910,한컴라이프케어,P,e,Q,V,PeQV
000880,한화,P,e,q,v,Peqv
452260,한화갤러리아,p,e,q,v,peqv
009830,한화솔루션,P,e,q,v,Peqv
272210,한화시스템,p,e,Q,V,peQV
012450,한화에어로스페이스,P,E,q,v,PEqv
082740,한화엔진,p,E,q,v,pEqv
042660,한화오션,P,E,q,v,PEqv
195870,해성디에스,p,e,Q,v,peQv
101530,해태제과식품,p,e,q,V,peqV
000720,현대건설,P,e,q,V,PeqV
453340,현대그린푸드,p,e,Q,V,peQV
086280,현대글로비스,p,e,Q,V,peQV
064350,현대로템,p,E,q,v,pEqv
079430,현대리바트,P,e,q,V,PeqV
012330,현대모비스,p,e,Q,v,peQv
069960,현대백화점,p,e,q,V,peqV
004560,현대비앤지스틸,P,e,Q,v,PeQv
017800,현대엘리베이,p,e,q,V,peqV
307950,현대오토에버,p,E,Q,v,pEQv
011210,현대위아,P,e,Q,v,PeQv
004020,현대제철,P,e,Q,v,PeQv
005440,현대지에프홀딩스,p,e,Q,V,peQV
005380,현대차,p,e,q,v,peqv
011760,현대코퍼레이션,P,e,q,V,PeqV
227840,현대코퍼레이션홀딩스,p,e,Q,V,peQV
126560,현대퓨처넷,p,e,Q,V,peQV
057050,현대홈쇼핑,p,e,Q,V,peQV
093240,형지엘리트,p,e,q,V,peqV
003010,혜인,p,e,Q,V,peQV
111110,호전실업,P,E,q,V,PEqV
008770,호텔신라,P,E,q,V,PEqV
378850,화승알앤에이,p,e,q,v,peqv
241590,화승엔터프라이즈,P,e,q,V,PeqV
006060,화승인더,P,e,q,V,PeqV
013520,화승코퍼레이션,p,e,q,V,peqV
010690,화신,p,e,Q,v,peQv
010660,화천기계,P,e,Q,V,PeQV
000850,화천기공,p,e,Q,V,peQV
016580,환인제약,p,e,Q,V,peQV
032560,황금에스티,P,e,Q,V,PeQV
094280,효성ITX,P,E,Q,V,PEQV
298040,효성중공업,p,E,q,v,pEqv
298050,효성첨단소재,p,E,q,v,pEqv
298020,효성티앤씨,p,e,q,V,peqV
298000,효성화학,P,E,q,V,PEqV
093370,후성,P,E,q,v,PEqv
081660,휠라홀딩스,p,e,q,V,peqV
005870,휴니드,P,e,Q,V,PeQV
079980,휴비스,P,E,q,V,PEqV
005010,휴스틸,p,e,Q,v,peQv
003280,흥아해운,p,E,Q,v,pEQv
054620,APS,p,e,Q,v,peQv
265520,AP시스템,p,e,Q,V,peQV
211270,AP위성,p,E,Q,v,pEQv
109960,AP헬스케어,p,E,Q,v,pEQv
139050,BF랩스,P,e,q,V,PeqV
126600,BGF에코머티리얼즈,p,e,Q,V,peQV
013720,CBI,P,E,q,V,PEqV
083790,CG인바이츠,P,E,q,v,PEqv
035760,CJ ENM,P,e,q,V,PeqV
311690,CJ 바이오사이언스,P,E,q,V,PEqV
051500,CJ프레시웨이,P,e,q,V,PeqV
058820,CMG제약,p,E,Q,V,pEQV
056730,CNT85,P,e,Q,V,PeQV
065770,CS,P,e,Q,V,PeQV
083660,CSA 코스믹,P,E,q,V,PEqV
060900,DGP,P,e,q,v,Peqv
290120,DH오토리드,p,e,q,V,peqV
025440,DH오토웨어,P,e,q,V,PeqV
068790,DMS,p,e,Q,V,peQV
180400,DXVX,P,E,q,v,PEqv
245620,EDGC,P,e,q,v,Peqv
037370,EG,P,e,q,v,Peqv
050120,ES큐브,P,e,Q,V,PeQV
130500,GH신소재,P,e,Q,V,PeQV
900290,GRT,p,e,Q,V,peQV
083450,GST,p,E,Q,v,pEQv
297890,HB솔루션,p,e,Q,v,peQv
078150,HB테크놀러지,p,e,Q,v,peQv
195940,HK이노엔,p,e,Q,V,peQV
028300,HLB,P,E,q,v,PEqv
278650,HLB바이오스텝,P,E,Q,v,PEQv
067630,HLB생명과학,p,E,Q,v,pEQv
024850,HLB이노베이션,P,E,Q,v,PEQv
047920,HLB제약,P,E,q,v,PEqv
115450,HLB테라퓨틱스,P,e,Q,v,PeQv
046210,HLB파나진,p,E,Q,v,pEQv
403870,HPSP,p,E,Q,v,pEQv
036640,HRS,p,e,Q,V,peQV
095340,ISC,p,E,Q,v,pEQv
099520,ITX-AI,P,E,q,V,PEqV
067290,JW신약,p,E,q,V,pEqV
035900,JYP Ent.,p,E,Q,v,pEQv
318000,KBG,p,E,Q,v,pEQv
024840,KBI메탈,P,e,q,V,PeqV
024120,KB오토시스,P,e,q,V,PeqV
021320,KCC건설,P,e,q,V,PeqV
036670,KCI,p,e,Q,V,peQV
044180,KD,p,e,q,V,peqV
046440,KG모빌리언스,p,e,Q,V,peQV
151860,KG에코솔루션,p,e,Q,v,peQv
035600,KG이니시스,p,e,Q,V,peQV
226360,KH 건설,P,e,Q,V,PeQV
111870,KH 미래물산,P,e,Q,V,PeQV
060720,KH바텍,p,e,Q,V,peQV
058400,KNN,p,e,Q,V,peQV
101000,KS인더스트리,P,E,Q,V,PEQV
122450,KX,P,e,q,V,PeqV
052900,KX하이텍,p,e,Q,V,peQV
376190,LB루셈,P,e,Q,v,PeQv
061970,LB세미콘,P,e,q,v,Peqv
225190,LK삼양,P,E,Q,V,PEQV
060370,LS마린솔루션,P,e,Q,V,PeQV
086960,MDS테크,p,e,Q,v,peQv
160550,NEW,P,e,q,v,Peqv
053290,NE능률,P,e,Q,v,PeQv
060250,NHN KCP,p,E,Q,v,pEQv
104200,NHN벅스,P,E,Q,v,PEQv
024940,PN풍년,p,e,Q,v,peQv
218410,RFHIC,p,E,Q,v,pEQv
327260,RF머트리얼즈,P,E,Q,V,PEQV
091340,S&K폴리텍,p,e,q,V,peqV
419530,SAMG엔터,P,E,q,v,PEqv
036120,SCI평가정보,P,E,Q,V,PEQV
246960,SCL사이언스,P,E,q,V,PEqV
099220,SDN,P,e,q,V,PeqV
036540,SFA반도체,p,E,Q,v,pEQv
255220,SG,P,E,q,v,PEqv
040610,SG&G,p,e,Q,V,peQV
049470,SGA,P,e,q,V,PeqV
184230,SGA솔루션즈,P,e,Q,V,PeQV
016250,SGC E&C,P,e,q,V,PeqV
048550,SM C&C,P,e,q,V,PeqV
063440,SM Life Design,p,e,Q,V,peQV
067160,SOOP,p,E,Q,v,pEQv
089230,THE E&M,P,e,q,v,Peqv
032540,TJ미디어,p,e,Q,V,peQV
022220,TKG애강,P,e,Q,V,PeQV
048770,TPC,P,e,q,v,Peqv
317240,TS트릴리온,P,e,q,V,PeqV
057030,YBM넷,p,e,Q,v,peQv
040300,YTN,P,e,Q,v,PeQv
051390,YW,p,e,Q,V,peQV
052220,iMBC,P,e,Q,V,PeQV
079940,가비아,p,E,Q,V,pEQV
078890,가온그룹,P,e,q,v,Peqv
399720,가온칩스,P,E,Q,v,PEQv
036620,감성코퍼레이션,p,E,Q,V,pEQV
198440,강동씨앤엘,P,e,Q,V,PeQV
217730,강스템바이오텍,P,E,q,v,PEqv
114190,강원에너지,P,E,q,v,PEqv
094480,갤럭시아머니트리,p,E,q,v,pEqv
039240,경남스틸,P,e,Q,V,PeQV
053950,경남제약,P,E,q,v,PEqv
011040,경동제약,P,E,Q,V,PEQV
024910,경창산업,P,e,q,V,PeqV
049720,고려신용정보,p,E,Q,V,pEQV
014570,고려제약,p,e,Q,V,peQV
348150,고바이오랩,P,E,q,v,PEqv
950190,고스트스튜디오,p,e,Q,V,peQV
098460,고영,p,E,Q,v,pEQv
035290,골드앤에스,P,E,Q,v,PEQv
215000,골프존,p,e,Q,V,peQV
121440,골프존뉴딘홀딩스,p,e,Q,V,peQV
366030,공구우먼,p,E,Q,v,pEQv
014200,광림,p,e,Q,V,peQV
029480,광무,p,e,Q,v,peQv
026910,광진실업,P,e,q,V,PeqV
053270,구영테크,p,e,q,V,peqV
066620,국보디자인,p,e,Q,V,peQV
043650,국순당,p,e,Q,V,peQV
006050,국영지앤엠,P,e,Q,V,PeQV
060480,국일신동,P,e,Q,V,PeQV
078130,국일제지,P,E,q,V,PEqV
307750,국전약품,P,E,q,v,PEqv
035080,그래디언트,P,e,q,v,Peqv
204020,그리티,p,e,Q,V,peQV
114450,그린생명과학,p,e,q,v,peqv
186230,그린플러스,P,E,q,V,PEqV
900070,글로벌에스엠,P,e,Q,V,PeQV
204620,글로벌텍스프리,P,E,q,v,PEqv
019660,글로본,P,E,q,v,PEqv
053260,금강철강,P,e,Q,V,PeQV
282720,금양그린파워,P,e,Q,v,PeQv
036190,금화피에스시,p,e,Q,V,peQV
049080,기가레인,P,e,q,v,Peqv
035460,기산텔레콤,P,e,q,V,PeqV
308100,까스텔바작,P,e,q,V,PeqV
187790,나노,p,E,q,V,pEqV
286750,나노브릭,p,E,q,v,pEqv
121600,나노신소재,p,E,Q,v,pEQv
247660,나노씨엠에스,p,E,Q,V,pEQV
039860,나노엔텍,p,E,Q,v,pEQv
091970,나노캠텍,P,e,q,V,PeqV
417010,나노팀,p,E,Q,v,pEQv
051490,나라엠앤디,p,e,Q,V,peQV
137080,나래나노텍,P,e,q,v,Peqv
190510,나무가,p,e,Q,v,peQv
242040,나무기술,P,E,q,v,PEqv
089600,나스미디어,p,e,Q,V,peQV
138610,나이벡,p,E,q,v,pEqv
130580,나이스디앤비,p,e,Q,V,peQV
036800,나이스정보통신,p,e,q,V,peqV
267320,나인테크,P,E,q,V,PEqV
111710,남화산업,p,e,Q,V,peQV
091590,남화토건,P,e,Q,V,PeQV
168330,내츄럴엔도텍,P,E,Q,V,PEQV
094860,네오리진,P,e,q,v,Peqv
253590,네오셈,p,E,Q,v,pEQv
212560,네오오토,p,e,Q,v,peQv
095660,네오위즈,p,e,Q,V,peQV
042420,네오위즈홀딩스,p,e,Q,v,peQv
311390,네오크레마,P,e,Q,V,PeQV
085910,네오티스,p,e,q,V,peqV
092730,네오팜,p,e,Q,V,peQV
290660,네오펙트,P,e,q,v,Peqv
306620,네온테크,p,E,q,V,pEqV
153460,네이블,P,e,Q,V,PeQV
007390,네이처셀,P,E,Q,V,PEQV
033640,네패스,P,E,q,v,PEqv
330860,네패스아크,P,E,q,v,PEqv
089140,넥스턴바이오,P,e,Q,v,PeQv
137940,넥스트아이,P,e,q,v,Peqv
396270,넥스트칩,P,E,q,v,PEqv
348210,넥스틴,p,E,Q,v,pEQv
225570,넥슨게임즈,P,E,Q,V,PEQV
217270,넵튠,p,E,Q,V,pEQV
104620,노랑풍선,p,E,q,V,pEqV
194700,노바렉스,p,e,Q,V,peQV
285490,노바텍,p,e,Q,V,peQV
106520,노블엠앤비,P,e,q,V,PeqV
142280,녹십자엠에스,P,E,q,v,PEqv
234690,녹십자웰빙,p,E,Q,v,pEQv
065560,녹원씨엔아이,p,E,q,V,pEqV
054050,농우바이오,p,e,Q,V,peQV
069140,누리플랜,p,e,q,v,peqv
040160,누리플렉스,P,e,q,v,Peqv
332290,누보,P,E,q,V,PEqV
348340,뉴로메카,P,E,q,v,PEqv
060260,뉴보텍,p,E,q,V,pEqV
123840,뉴온,P,e,q,v,Peqv
012340,뉴인텍,P,E,q,V,PEqV
214870,뉴지랩파마,P,e,Q,V,PeQV
270870,뉴트리,p,e,Q,V,peQV
144960,뉴파워프라즈마,P,e,q,V,PeqV
085670,뉴프렉스,p,E,Q,v,pEQv
064260,다날,P,e,q,v,Peqv
340360,다보링크,P,E,q,v,PEqv
039560,다산네트웍스,P,e,q,v,Peqv
154040,다산솔루에타,P,e,Q,V,PeQV
032190,다우데이타,p,e,q,V,peqV
068240,다원시스,p,E,q,V,pEqV
020400,대동금속,P,e,q,v,Peqv
008830,대동기어,P,e,q,v,Peqv
048470,대동스틸,P,e,Q,v,PeQv
004780,대륙제관,p,e,Q,V,peQV
017650,대림제지,p,e,Q,V,peQV
007720,대명소노시즌,P,e,Q,V,PeQV
389260,대명에너지,p,E,q,v,pEqv
317850,대모,P,E,Q,v,PEQv
290670,대보마그네틱,p,E,Q,v,pEQv
078140,대봉엘에스,p,e,Q,V,peQV
065150,대산F&B,P,e,q,V,PeqV
036480,대성미생물,P,e,Q,V,PeQV
104040,대성파인텍,P,e,Q,V,PeQV
129920,대성하이텍,P,e,q,V,PeqV
045390,대아티아이,p,E,Q,V,pEQV
108380,대양전기공업,p,e,Q,V,peQV
007680,대원,P,e,q,V,PeqV
048910,대원미디어,P,e,Q,V,PeQV
005710,대원산업,p,e,Q,V,peQV
290380,대유,p,e,q,V,peqV
120240,대정화금,p,e,Q,V,peQV
003310,대주산업,p,e,Q,V,peQV
078600,대주전자재료,p,E,q,v,pEqv
096350,대창솔루션,p,E,q,V,pEqV
140520,대창스틸,P,e,Q,V,PeQV
131220,대한과학,p,e,Q,V,peQV
010170,대한광통신,P,e,q,v,Peqv
054670,대한뉴팜,p,e,Q,V,peQV
023910,대한약품,p,e,Q,V,peQV
021040,대호특수강,P,e,q,V,PeqV
067080,대화제약,P,E,q,v,PEqv
298540,더네이쳐홀딩스,p,e,Q,V,peQV
032860,더라미,p,E,Q,V,pEQV
393890,더블유씨피,P,e,Q,v,PeQv
299170,더블유에스아이,p,e,Q,V,peQV
224060,더코디,P,e,q,v,Peqv
043090,더테크놀로지,P,e,q,v,Peqv
213420,덕산네오룩스,p,E,Q,V,pEQV
317330,덕산테코피아,P,E,q,v,PEqv
077360,덕산하이메탈,p,e,Q,v,peQv
090410,덕신이피씨,p,e,Q,V,peQV
263600,덕우전자,P,e,q,v,Peqv
194480,데브시스터즈,p,E,q,v,pEqv
263800,데이타솔루션,P,E,Q,v,PEQv
206560,덱스터,P,E,Q,v,PEQv
261200,덴티스,p,E,q,v,pEqv
067990,도이치모터스,P,e,q,V,PeqV
006620,동구바이오제약,p,e,Q,V,peQV
100130,동국S&C,P,E,q,V,PEqV
005160,동국산업,P,e,Q,v,PeQv
075970,동국알앤에스,P,e,Q,V,PeQV
086450,동국제약,p,e,Q,V,peQV
099410,동방선기,P,e,Q,V,PeQV
033500,동성화인텍,p,E,Q,V,pEQV
025950,동신건설,P,E,Q,v,PEQv
088130,동아엘텍,P,E,Q,v,PEQv
041930,동아화성,p,e,Q,V,peQV
060380,동양에스텍,P,e,Q,V,PeQV
079960,동양이엔피,p,e,Q,V,peQV
228340,동양파일,P,e,Q,V,PeQV
088910,동우팜투테이블,P,e,Q,V,PeQV
094170,동운아나텍,p,E,Q,v,pEQv
013120,동원개발,p,e,Q,V,peQV
109860,동일금속,p,e,Q,V,peQV
032960,동일기연,p,e,Q,V,peQV
023790,동일철강,P,e,q,v,Peqv
005290,동진쎄미켐,p,E,Q,v,pEQv
025900,동화기업,P,e,q,v,Peqv
030350,드래곤플라이,P,e,q,V,PeqV
203650,드림시큐리티,p,e,q,v,peqv
223250,드림씨아이에스,p,e,Q,v,peQv
060570,드림어스컴퍼니,P,e,Q,v,PeQv
217620,디딤이앤에프,P,E,q,v,PEqv
016670,디모아,p,e,Q,v,peQv
187870,디바이스이엔지,p,e,Q,V,peQV
110990,디아이티,p,E,Q,v,pEQv
263690,디알젬,p,e,Q,V,peQV
263720,디앤씨미디어,p,E,Q,v,pEQv
376300,디어유,p,E,Q,v,pEQv
109740,디에스케이,P,e,Q,V,PeQV
196490,디에이테크놀로지,P,e,q,v,Peqv
066900,디에이피,P,e,q,V,PeqV
127120,디엔에이링크,P,E,q,V,PEqV
092070,디엔에프,p,E,Q,v,pEQv
039840,디오,p,e,q,v,peqv
219550,디와이디,P,e,q,v,Peqv
310870,디와이씨,p,e,Q,V,peQV
104460,디와이피엔에프,p,e,q,V,peqV
079810,디이엔티,p,E,Q,v,pEQv
113810,디젠스,p,e,q,V,peqV
043360,디지아이,P,e,Q,V,PeQV
197140,디지캡,p,e,Q,v,peQv
068930,디지털대성,P,e,Q,V,PeQV
033130,디지틀조선,P,e,Q,V,PeQV
105740,디케이락,P,e,Q,V,PeQV
263020,디케이앤디,p,e,Q,V,peQV
290550,디케이티,p,e,Q,V,peQV
066670,디티씨,p,e,Q,v,peQv
187220,디티앤씨,P,e,q,v,Peqv
383930,디티앤씨알오,P,E,q,v,PEqv
131180,딜리,p,e,Q,V,peQV
315640,딥노이드,P,E,q,v,PEqv
223310,딥마인드,P,e,Q,V,PeQV
317120,라닉스,P,E,q,V,PEqV
042510,라온시큐어,P,E,Q,v,PEQv
232680,라온테크,P,E,Q,v,PEQv
418420,라온텍,P,E,Q,v,PEQv
300120,라온피플,P,E,q,v,PEqv
171120,라이온켐텍,p,e,Q,V,peQV
388790,라이콤,P,E,Q,v,PEQv
347700,라이프시맨틱스,P,E,q,v,PEqv
214260,라파스,P,E,q,V,PEqV
200350,래몽래인,P,e,Q,v,PeQv
171010,램테크놀러지,P,E,q,V,PEqV
084650,랩지노믹스,P,e,Q,v,PeQv
217500,러셀,P,e,Q,v,PeQv
038390,레드캡투어,p,e,q,V,peqV
294140,레몬,P,E,q,v,PEqv
228670,레이,P,e,q,v,Peqv
228850,레이언스,p,e,Q,V,peQV
412350,레이저쎌,P,E,Q,v,PEQv
281740,레이크머티리얼즈,p,E,q,v,pEqv
277810,레인보우로보틱스,P,e,Q,v,PeQv
215100,로보로보,P,E,Q,v,PEQv
090360,로보스타,P,e,Q,v,PeQv
108490,로보티즈,P,e,Q,v,PeQv
900260,로스웰,p,e,Q,V,peQV
067730,로지시스,p,E,Q,V,pEQV
071280,로체시스템즈,p,e,Q,V,peQV
328130,루닛,P,E,q,v,PEqv
038060,루멘스,p,e,Q,V,peQV
060240,룽투코리아,P,e,q,v,Peqv
141080,리가켐바이오,p,E,Q,v,pEQv
058470,리노공업,p,E,Q,v,pEQv
016100,리더스코스메틱,P,E,Q,V,PEQV
012700,리드코프,P,e,q,V,PeqV
302550,리메드,P,E,q,v,PEqv
073570,리튬포어스,P,E,q,v,PEqv
377450,리파인,p,e,Q,V,peQV
042500,링네트,p,e,Q,v,peQv
193250,링크드,P,e,Q,V,PeQV
219420,링크제니시스,P,e,Q,v,PeQv
195500,마니커에프앤지,p,e,Q,V,peQV
377480,마음AI,P,E,q,v,PEqv
305090,마이크로디지탈,P,E,q,V,PEqV
098120,마이크로컨텍솔,p,e,Q,v,peQv
038290,마크로젠,P,e,q,v,Peqv
267980,매일유업,p,e,Q,V,peQV
005990,매일홀딩스,p,e,Q,V,peQV
093520,매커스,p,e,q,v,peqv
377030,맥스트,P,E,q,v,PEqv
100590,머큐리,p,e,Q,v,peQv
067280,멀티캠퍼스,p,e,Q,V,peQV
072870,메가스터디,p,e,Q,V,peQV
215200,메가스터디교육,p,e,Q,V,peQV
133750,메가엠디,p,e,Q,v,peQv
041920,메디아나,p,e,Q,v,peQv
014100,메디앙스,P,e,Q,V,PeQV
054180,메디콕스,P,e,q,v,Peqv
086900,메디톡스,P,E,Q,v,PEQv
078160,메디포스트,P,e,Q,V,PeQV
408920,메쎄이상,p,E,Q,V,pEQV
140410,메지온,P,E,q,v,PEqv
241770,메카로,P,e,Q,V,PeQV
059210,메타바이오메드,p,e,Q,v,peQv
058110,멕아이씨에스,P,e,q,v,Peqv
080420,모다이노칩,p,e,q,V,peqV
417970,모델솔루션,P,E,Q,v,PEQv
080160,모두투어,p,E,q,V,pEqV
087260,모바일어플라이언스,P,e,Q,V,PeQV
101330,모베이스,p,e,q,V,peqV
012860,모베이스전자,p,e,q,v,peqv
363260,모비데이즈,P,e,q,v,Peqv
348030,모비릭스,P,e,Q,V,PeQV
250060,모비스,P,E,Q,v,PEQv
288980,모아데이타,P,e,q,v,Peqv
142760,모아라이프플러스,P,E,Q,v,PEQv
333050,모코엠시스,p,e,Q,V,peQV
118990,모트렉스,p,e,q,v,peqv
006920,모헨즈,p,e,Q,v,peQv
001810,무림SP,P,e,Q,V,PeQV
279600,미디어젠,P,E,q,v,PEqv
095500,미래나노텍,P,E,q,v,PEqv
254490,미래반도체,P,E,Q,v,PEQv
218150,미래생명자원,P,E,Q,V,PEQV
049950,미래컴퍼니,P,e,Q,v,PeQv
207760,미스터블루,P,E,q,v,PEqv
059090,미코,p,E,q,v,pEqv
214610,미코바이오메드,P,E,q,V,PEqV
201490,미투온,p,e,Q,V,peQV
206640,바디텍메드,p,e,Q,V,peQV
018700,바른손,P,e,q,V,PeqV
035620,바른손이앤에이,P,e,q,V,PeqV
053030,바이넥스,P,E,Q,v,PEQv
301300,바이브컴퍼니,P,e,Q,v,PeQv
064550,바이오니아,P,E,Q,v,PEQv
208710,바이오로그디바이스,P,e,q,V,PeqV
086820,바이오솔루션,P,E,q,v,PEqv
038460,바이오스마트,p,e,Q,V,peQV
251120,바이오에프디엔씨,p,E,Q,V,pEQV
199730,바이오인프라,P,e,Q,V,PeQV
086040,바이오톡스텍,P,e,q,V,PeqV
099430,바이오플러스,p,E,Q,V,pEQV
032980,바이온,P,e,q,V,PeqV
043150,바텍,p,e,Q,V,peQV
267790,배럴,p,e,Q,V,peQV
046310,백금T&A,p,e,Q,V,peQV
331520,밸로프,p,e,Q,V,peQV
066410,버킷스튜디오,P,e,q,V,PeqV
206400,베노티앤알,P,e,q,V,PeqV
019010,베뉴지,p,e,Q,V,peQV
177350,베셀,P,E,q,v,PEqv
225530,보광산업,p,E,Q,V,pEQV
250000,보라티알,p,e,Q,V,peQV
006910,보성파워텍,p,E,Q,V,pEQV
226340,본느,p,E,q,v,pEqv
014470,부방,P,e,q,v,Peqv
008470,부스타,P,e,Q,V,PeQV
338220,뷰노,P,E,q,v,PEqv
100120,뷰웍스,p,e,Q,V,peQV
337930,브랜드엑스코퍼레이션,p,e,Q,v,peQv
099390,브레인즈컴퍼니,P,e,Q,V,PeQV
064480,브리지텍,P,E,Q,v,PEQv
365900,브이씨,P,e,q,V,PeqV
089970,브이엠,P,E,Q,v,PEQv
251630,브이원텍,P,E,Q,v,PEQv
018290,브이티,p,E,Q,v,pEQv
033560,블루콤,P,e,Q,V,PeQV
369370,블리츠웨이스튜디오,P,e,q,V,PeqV
126340,비나텍,p,E,q,v,pEqv
121800,비덴트,p,e,Q,V,peQV
082800,비보존 제약,P,E,Q,V,PEQV
318410,비비씨,P,e,Q,V,PeQV
419540,비스토스,p,E,Q,v,pEQv
146320,비씨엔씨,P,E,Q,v,PEQv
200780,비씨월드제약,P,e,q,V,PeqV
141000,비아트론,P,e,Q,V,PeQV
083650,비에이치아이,p,E,q,v,pEqv
065170,비엘팜텍,P,e,Q,v,PeQv
086670,비엠티,p,e,Q,V,peQV
335890,비올,p,E,Q,v,pEQv
230980,비유테크놀러지,P,e,q,v,Peqv
138580,비즈니스온,p,E,Q,v,pEQv
082920,비츠로셀,p,E,Q,V,pEQV
042370,비츠로테크,p,e,Q,V,peQV
050090,비케이홀딩스,P,e,q,V,PeqV
148780,비큐AI,P,E,Q,v,PEQv
357880,비트나인,P,E,q,v,PEqv
032850,비트컴퓨터,p,e,Q,v,peQv
238200,비피도,P,e,Q,V,PeQV
093190,빅솔론,p,e,Q,V,peQV
065450,빅텍,p,E,q,V,pEqV
044480,빌리언스,P,e,q,V,PeqV
069540,빛과전자,P,e,q,v,Peqv
072950,빛샘전자,p,e,Q,v,peQv
143240,사람인,p,e,Q,V,peQV
419120,산돌,p,E,Q,v,pEQv
122350,삼기,P,e,q,V,PeqV
014970,삼륭물산,p,e,Q,V,peQV
018310,삼목에스폼,p,e,Q,V,peQV
053700,삼보모터스,p,e,q,V,peqV
009620,삼보산업,P,E,q,v,PEqv
023600,삼보판지,p,e,Q,V,peQV
009300,삼아제약,p,e,Q,V,peQV
361670,삼영에스앤씨,P,e,Q,V,PeQV
054540,삼영엠텍,p,e,Q,V,peQV
065570,삼영이엔씨,P,e,q,V,PeqV
032280,삼일,P,e,Q,V,PeQV
002290,삼일기업공사,p,e,Q,V,peQV
037460,삼지전자,P,e,Q,V,PeQV
032750,삼진,p,e,Q,V,peQV
054090,삼진엘앤디,P,e,q,v,Peqv
000250,삼천당제약,p,E,Q,v,pEQv
024950,삼천리자전거,P,e,Q,V,PeQV
038500,삼표시멘트,p,e,Q,V,peQV
017480,삼현철강,P,e,Q,V,PeQV
046390,삼화네트웍스,p,e,Q,V,peQV
027580,상보,P,e,Q,V,PeQV
038540,상상인,P,e,q,V,PeqV
091580,상신이디피,p,e,Q,v,peQv
263810,상신전자,P,e,Q,v,PeQv
089980,상아프론테크,p,E,Q,V,pEQV
042940,상지건설,P,e,Q,V,PeQV
042600,새로닉스,P,E,q,v,PEqv
107600,새빗켐,P,E,q,v,PEqv
411080,샌즈랩,P,E,Q,v,PEQv
252990,샘씨엔에스,p,E,Q,v,pEQv
294630,서남,P,E,q,v,PEqv
038070,서린바이오,p,e,Q,V,peQV
006730,서부T&D,p,e,Q,V,peQV
079650,서산,P,e,Q,V,PeQV
100660,서암기계공업,P,e,Q,V,PeQV
019770,서연탑메탈,p,e,Q,V,peQV
043710,서울리거,P,e,q,V,PeqV
092190,서울바이오시스,P,E,q,V,PEqV
046890,서울반도체,P,e,Q,V,PeQV
063170,서울옥션,p,e,q,v,peqv
027040,서울전자통신,P,e,q,V,PeqV
018680,서울제약,p,e,Q,V,peQV
093920,서원인텍,p,e,Q,V,peQV
189860,서전기전,P,e,q,V,PeqV
178320,서진시스템,p,E,q,v,pEqv
122690,서진오토모티브,P,e,q,V,PeqV
140070,서플러스글로벌,P,e,q,v,Peqv
011370,서한,p,e,q,V,peqV
065710,서호전기,p,e,Q,V,peQV
035890,서희건설,p,e,Q,V,peQV
357550,석경에이티,p,E,Q,v,pEQv
003100,선광,p,e,Q,V,peQV
067370,선바이오,P,e,Q,V,PeQV
171090,선익시스템,P,e,q,v,Peqv
086710,선진뷰티사이언스,p,e,Q,V,peQV
014620,성광벤드,p,e,Q,V,peQV
037350,성도이엔지,p,e,q,V,peqV
045300,성우테크론,p,e,Q,V,peQV
015750,성우하이텍,p,e,q,v,peqv
365340,성일하이텍,P,E,q,v,PEqv
080470,성창오토텍,P,e,q,V,PeqV
043260,성호전자,p,e,q,v,peqv
148150,세경하이테크,p,E,Q,v,pEQv
053060,세동,p,e,q,V,peqV
340440,세림B&G,p,e,Q,V,peQV
017510,세명전기,p,e,Q,V,peQV
011560,세보엠이씨,p,e,Q,V,peQV
396300,세아메카닉스,P,e,Q,v,PeQv
100700,세운메디칼,p,e,Q,V,peQV
024830,세원물산,P,e,Q,V,PeQV
036630,세종텔레콤,p,e,Q,v,peQv
039310,세중,p,e,Q,V,peQV
067770,세진티에스,p,e,Q,V,peQV
053450,세코닉스,P,e,q,v,Peqv
222810,세토피아,P,E,q,v,PEqv
252500,세화피앤씨,P,E,Q,V,PEQV
347000,센코,P,E,Q,v,PEQv
049180,셀루메드,P,e,q,v,Peqv
268600,셀리버리,P,e,Q,V,PeQV
108860,셀바스AI,P,E,Q,v,PEQv
208370,셀바스헬스케어,p,E,Q,v,pEQv
318160,셀바이오휴먼텍,p,e,Q,V,peQV
068760,셀트리온제약,P,E,Q,v,PEQv
068940,셀피글로벌,P,e,q,V,PeqV
060230,소니드,P,e,q,v,Peqv
290690,소룩스,P,E,q,v,PEqv
032680,소프트센,P,E,q,v,PEqv
258790,소프트캠프,P,E,q,V,PEqV
066910,손오공,P,E,q,V,PEqV
043100,솔고바이오,P,e,q,v,Peqv
035610,솔본,p,e,Q,V,peQV
357780,솔브레인,p,E,Q,V,pEQV
036830,솔브레인홀딩스,p,e,Q,v,peQv
304100,솔트룩스,P,E,q,v,PEqv
328380,솔트웨어,P,E,Q,v,PEQv
086980,쇼박스,p,E,Q,v,pEQv
050960,수산아이앤티,p,e,Q,V,peQV
084180,수성웹툰,P,e,q,V,PeqV
253840,수젠텍,P,e,Q,v,PeQv
236200,슈프리마,p,e,Q,v,peQv
094840,슈프리마에이치큐,p,e,Q,v,peQv
192440,슈피겐코리아,p,e,Q,V,peQV
099440,스맥,p,e,Q,v,peQv
033790,스카이문스테크놀로지,p,e,Q,v,peQv
276040,스코넥,P,E,q,v,PEqv
159910,스킨앤스킨,P,e,q,v,Peqv
115570,스타플렉스,P,e,q,V,PeqV
253450,스튜디오드래곤,p,E,Q,V,pEQV
408900,스튜디오미르,P,e,Q,v,PeQv
204630,스튜디오산타클로스,p,e,q,v,peqv
013810,스페코,P,e,q,V,PeqV
203690,스피어파워,P,E,q,v,PEqv
049830,승일,P,e,Q,V,PeQV
020710,시공테크,P,e,Q,V,PeQV
033170,시그네틱스,P,e,Q,v,PeQv
048870,시너지이노베이션,p,e,Q,v,peQv
025320,시노펙스,p,E,Q,v,pEQv
269620,시스웍,P,e,Q,V,PeQV
429270,시지트로닉스,P,e,q,v,Peqv
232830,시큐센,P,E,q,v,PEqv
290520,신도기연,P,e,Q,v,PeQv
001000,신라섬유,p,E,q,V,pEqV
025870,신라에스지,P,E,q,V,PEqV
215600,신라젠,P,E,q,V,PEqV
065350,신성델타테크,P,E,q,v,PEqv
162300,신스틸,P,E,q,v,PEqv
002800,신신제약,P,E,Q,V,PEQV
017000,신원종합개발,p,e,q,v,peqv
012790,신일제약,p,e,Q,V,peQV
138070,신진에스엠,P,e,Q,V,PeQV
056700,신화인터텍,P,e,q,v,Peqv
187270,신화콘텍,p,e,Q,V,peQV
243840,신흥에스이씨,p,e,q,v,peqv
257720,실리콘투,p,E,Q,v,pEQv
222800,심텍,P,E,q,V,PEqV
036710,심텍홀딩스,P,e,q,V,PeqV
160980,싸이맥스,p,e,Q,V,peQV
217330,싸이토젠,P,E,q,V,PEqV
010280,쌍용정보통신,P,e,q,V,PeqV
208640,썸에이지,P,E,q,V,PEqV
222420,쎄노텍,P,E,q,V,PEqV
037760,쎄니트,P,e,q,V,PeqV
099320,쎄트렉아이,P,e,Q,v,PeQv
049960,쎌바이오텍,p,e,Q,V,peQV
050890,쏠리드,p,e,Q,v,peQv
066790,씨씨에스,P,E,Q,v,PEQv
222080,씨아이에스,p,E,Q,v,pEQv
352480,씨앤씨인터내셔널,p,E,Q,V,pEQV
264660,씨앤지하이테크,P,E,Q,V,PEQV
352700,씨앤투스,p,e,Q,V,peQV
297090,씨에스베어링,P,E,q,v,PEqv
900120,씨엑스아이,p,e,Q,v,peQv
359090,씨엔알리서치,P,E,Q,V,PEQV
115530,씨엔플러스,P,e,q,V,PeqV
115480,씨유메디칼,p,e,q,V,peqV
376290,씨유테크,p,e,Q,V,peQV
189330,씨이랩,P,E,q,v,PEqv
096530,씨젠,P,E,Q,v,PEQv
101240,씨큐브,p,e,Q,V,peQV
060590,씨티씨바이오,P,e,q,v,Peqv
260930,씨티케이,P,e,Q,V,PeQV
052300,씨티프라퍼티,p,e,Q,v,peQv
013990,아가방컴퍼니,p,e,Q,v,peQv
123860,아나패스,p,E,Q,V,pEQV
025980,아난티,P,e,Q,V,PeQV
357580,아모센스,P,E,q,V,PEqV
052710,아모텍,P,e,q,V,PeqV
074430,아미노로직스,p,E,Q,v,pEQv
092040,아미코젠,P,E,q,v,PEqv
083930,아바코,p,e,Q,v,peQv
149950,아바텍,p,e,Q,V,peQV
036010,아비코전자,P,E,Q,v,PEQv
050860,아세아텍,p,e,Q,V,peQV
136410,아셈스,p,e,Q,v,peQv
246720,아스타,P,E,q,v,PEqv
067390,아스트,P,e,q,v,Peqv
159010,아스플로,p,E,q,v,pEqv
127710,아시아경제,P,e,q,V,PeqV
154030,아시아종묘,p,e,q,V,peqV
227610,아우딘퓨쳐스,P,E,q,V,PEqV
143160,아이디스,p,e,Q,V,peQV
054800,아이디스홀딩스,p,e,Q,V,peQV
332370,아이디피,p,e,Q,V,peQV
339950,아이비김영,P,e,Q,v,PeQv
099190,아이센스,P,E,Q,v,PEQv
289010,아이스크림에듀,P,e,q,V,PeqV
214430,아이쓰리시스템,p,E,Q,v,pEQv
040910,아이씨디,P,e,q,V,PeqV
368600,아이씨에이치,p,E,q,V,pEqV
052860,아이앤씨,P,e,Q,v,PeQv
069920,아이에스이커머스,P,E,q,V,PEqV
038880,아이에이,P,e,q,v,Peqv
307180,아이엘사이언스,p,E,q,V,pEqV
101390,아이엠,P,E,q,V,PEqV
078860,아이오케이,P,e,q,v,Peqv
090150,아이윈,p,e,q,v,peqv
123010,아이윈플러스,P,e,q,V,PeqV
031310,아이즈비전,p,e,Q,v,peQv
185490,아이진,P,e,q,v,Peqv
059100,아이컴포넌트,P,e,Q,v,PeQv
175250,아이큐어,P,e,q,v,Peqv
052460,아이크래프트,p,e,Q,v,peQv
119830,아이텍,p,e,Q,V,peQV
124500,아이티센,P,E,q,v,PEqv
372800,아이티아이즈,P,E,q,V,PEqV
084850,아이티엠반도체,P,E,q,v,PEqv
032080,아즈텍WB,p,e,Q,V,peQV
013310,아진산업,p,e,q,v,peqv
059120,아진엑스텍,P,E,Q,v,PEQv
158430,아톤,p,e,Q,V,peQV
321820,아티스트유나이티드,P,E,q,v,PEqv
001540,안국약품,p,e,Q,V,peQV
053800,안랩,P,E,Q,V,PEQV
065660,안트로젠,P,e,Q,V,PeQV
297570,알로이스,p,e,Q,V,peQV
260660,알리코제약,P,E,q,V,PEqV
354320,알멕,P,E,q,v,PEqv
361570,알비더블유,P,e,q,v,Peqv
131370,알서포트,p,E,Q,v,pEQv
140670,알에스오토메이션,P,E,q,v,PEqv
096610,알에프세미,P,E,q,v,PEqv
061040,알에프텍,p,e,Q,V,peQV
148250,알엔투테크놀로지,P,e,Q,V,PeQV
347860,알체라,P,E,q,v,PEqv
196170,알테오젠,p,E,Q,v,pEQv
123750,알톤,P,e,q,V,PeqV
085810,알티캐스트,P,e,q,V,PeqV
117670,알파홀딩스,P,e,q,V,PeqV
314140,알피바이오,P,e,Q,V,PeQV
291650,압타머사이언스,P,E,q,v,PEqv
196300,애니젠,P,E,q,V,PEqV
310200,애니플러스,p,e,Q,V,peQV
299910,애닉,P,E,q,v,PEqv
179530,애드바이오텍,P,E,q,v,PEqv
900100,애머릿지,P,e,q,V,PeqV
205500,액션스퀘어,P,E,q,V,PEqV
052790,액토즈소프트,p,e,Q,v,peQv
290740,액트로,P,e,Q,V,PeQV
238090,앤디포스,P,e,Q,v,PeQv
092600,앤씨앤,P,e,q,v,Peqv
129890,앱코,p,e,Q,v,peQv
174900,앱클론,P,E,q,v,PEqv
255440,야스,P,e,Q,v,PeQv
030960,양지사,p,e,Q,V,peQV
102120,어보브반도체,P,E,q,v,PEqv
238120,얼라인드,p,E,Q,V,pEQV
019990,에너토크,P,E,Q,v,PEQv
270660,에브리봇,P,e,Q,v,PeQv
038680,에스넷,P,e,Q,v,PeQv
217480,에스디생명공학,P,e,Q,V,PeQV
121890,에스디시스템,P,e,Q,V,PeQV
304360,에스바이오메딕스,P,E,Q,v,PEQv
389500,에스비비테크,P,E,q,v,PEqv
042110,에스씨디,p,e,Q,V,peQV
298060,에스씨엠생명과학,P,E,q,v,PEqv
065420,에스아이리소스,P,E,q,V,PEqV
103230,에스앤더블류,p,e,Q,V,peQV
260970,에스앤디,p,e,Q,V,peQV
101490,에스앤에스텍,p,E,Q,v,pEQv
095910,에스에너지,P,e,q,V,PeqV
275630,에스에스알,P,e,Q,V,PeQV
031330,에스에이엠티,P,e,Q,V,PeQV
060540,에스에이티,P,e,Q,v,PeQv
351320,에스에이티이엔지,P,E,q,v,PEqv
056190,에스에프에이,p,e,Q,V,peQV
080000,에스엔유,p,e,Q,v,peQv
214310,에스엘에너지,P,e,q,V,PeqV
041510,에스엠,p,E,Q,v,pEQv
007820,에스엠코어,p,E,q,V,pEqV
109610,에스와이,P,e,q,v,Peqv
031860,에스유홀딩스,P,e,q,v,Peqv
306040,에스제이그룹,P,e,Q,V,PeQV
096630,에스코넥,p,E,q,v,pEqv
069510,에스텍,p,e,Q,V,peQV
234300,에스트래픽,P,e,Q,v,PeQv
039440,에스티아이,p,E,Q,v,pEQv
098660,에스티오,P,e,q,V,PeqV
052020,에스티큐브,P,E,q,v,PEqv
237690,에스티팜,p,E,Q,v,pEQv
050760,에스폴리텍,p,e,q,V,peqV
288620,에스퓨얼셀,p,e,q,v,peqv
317830,에스피시스템스,P,e,Q,v,PeQv
058610,에스피지,P,E,Q,v,PEQv
043340,에쎈테크,P,E,q,V,PEqV
187660,에이디엠코리아,P,E,q,v,PEqv
054630,에이디칩스,P,e,q,v,Peqv
200710,에이디테크놀로지,P,E,q,v,PEqv
096690,에이루트,P,e,q,v,Peqv
298380,에이비엘바이오,P,E,q,v,PEqv
203400,에이비온,P,E,q,v,PEqv
195990,에이비프로바이오,P,e,Q,V,PeQV
003800,에이스침대,p,e,Q,V,peQV
088800,에이스테크,P,E,q,v,PEqv
241840,에이스토리,p,E,Q,V,pEQV
312610,에이에프더블류,P,e,Q,V,PeQV
172670,에이엘티,P,E,q,v,PEqv
072990,에이치시티,p,e,Q,V,peQV
239610,에이치엘사이언스,P,e,Q,V,PeQV
148930,에이치와이티씨,p,e,Q,v,peQv
044780,에이치케이,P,e,Q,V,PeQV
357230,에이치피오,p,e,Q,V,peQV
071670,에이테크솔루션,P,e,q,V,PeqV
224110,에이텍모빌리티,p,e,Q,V,peQV
089530,에이티세미콘,p,e,q,V,peqV
200470,에이팩트,P,E,q,v,PEqv
262260,에이프로,p,E,q,v,pEqv
230240,에치에프알,P,e,Q,v,PeQv
230360,에코마케팅,p,E,Q,V,pEQV
097780,에코볼트,P,e,Q,V,PeQV
101360,에코앤드림,P,E,q,v,PEqv
128540,에코캡,P,e,q,V,PeqV
086520,에코프로,P,E,q,v,PEqv
247540,에코프로비엠,P,E,q,v,PEqv
383310,에코프로에이치엔,p,E,Q,v,pEQv
038110,에코플라스틱,P,e,q,v,Peqv
073540,에프알텍,P,e,Q,V,PeQV
064850,에프앤가이드,p,e,Q,V,peQV
036810,에프에스티,P,E,q,v,PEqv
173940,에프엔씨엔터,P,e,q,V,PeqV
083500,에프엔에스테크,P,E,Q,v,PEQv
054940,엑사이엔씨,P,e,q,V,PeqV
950130,엑세스바이오,p,e,Q,V,peQV
205100,엑셈,P,e,Q,v,PeQv
356680,엑스게이트,P,E,Q,v,PEQv
317770,엑스페릭스,P,e,q,v,Peqv
373200,엑스플러스,P,E,q,v,PEqv
092870,엑시콘,P,e,Q,v,PeQv
317870,엔바이오니아,p,E,q,V,pEqV
067570,엔브이에이치코리아,P,e,q,V,PeqV
236810,엔비티,P,E,q,v,PEqv
333620,엔시스,p,e,Q,V,peQV
101400,엔시트론,P,e,Q,V,PeQV
265740,엔에프씨,P,e,Q,V,PeQV
354200,엔젠바이오,P,E,q,v,PEqv
419080,엔젯,P,E,Q,v,PEQv
208860,엔지스테크널러지,p,E,q,V,pEqV
183490,엔지켐생명과학,P,e,Q,V,PeQV
182400,엔케이맥스,P,e,Q,v,PeQv
348370,엔켐,P,E,q,v,PEqv
069410,엔텔스,P,e,Q,v,PeQv
227950,엔투텍,P,e,Q,v,PeQv
291230,엔피,P,E,q,v,PEqv
198080,엔피디,p,e,Q,v,peQv
048830,엔피케이,P,e,Q,V,PeQV
290650,엘앤씨바이오,p,E,Q,v,pEQv
156100,엘앤케이바이오,p,E,q,v,pEqv
073110,엘엠에스,p,e,q,v,peqv
083310,엘오티베큠,P,e,Q,v,PeQv
037950,엘컴텍,p,E,Q,V,pEQV
170920,엘티씨,P,e,q,v,Peqv
058630,엠게임,p,e,Q,V,peQV
058970,엠로,P,E,q,v,PEqv
169330,엠브레인,P,E,Q,V,PEQV
179290,엠아이텍,p,E,Q,V,pEQV
009780,엠에스씨,p,e,Q,V,peQV
123040,엠에스오토텍,p,e,q,V,peqV
323230,엠에프엠코리아,P,e,q,v,Peqv
032790,엠젠솔루션,P,E,q,v,PEqv
033160,엠케이전자,P,e,q,v,Peqv
347890,엠투아이,p,E,Q,V,pEQV
033310,엠투엔,P,e,Q,V,PeQV
259630,엠플러스,p,E,q,v,pEqv
105550,엣지파운드리,P,e,q,v,Peqv
060850,영림원소프트랩,P,e,Q,V,PeQV
143540,영우디에스피,P,e,q,V,PeqV
036560,영풍정밀,p,e,Q,V,peQV
265560,영화테크,p,e,Q,V,peQV
036000,예림당,p,e,Q,V,peQV
250930,예선테크,P,e,q,V,PeqV
053280,예스24,P,e,q,V,PeqV
122640,예스티,p,E,q,v,pEqv
900300,오가닉티코스메틱,P,e,q,v,Peqv
045060,오공,p,e,Q,V,peQV
039830,오로라,p,e,q,V,peqV
322310,오로스테크놀로지,P,E,Q,v,PEQv
046120,오르비텍,p,E,Q,V,pEQV
014940,오리엔탈정공,p,e,Q,V,peQV
065500,오리엔트정공,P,e,q,V,PeqV
010470,오리콤,P,e,Q,V,PeQV
417860,오브젠,P,E,q,v,PEqv
352910,오비고,P,e,Q,v,PeQv
053980,오상자이엘,p,e,Q,V,peQV
052420,오성첨단소재,p,e,Q,V,peQV
039200,오스코텍,P,E,q,v,PEqv
226400,오스테오닉,p,E,Q,v,pEQv
031510,오스템,P,e,Q,V,PeQV
368970,오에스피,p,e,Q,v,peQv
138080,오이솔루션,P,e,q,V,PeqV
080580,오킨스전자,P,E,q,v,PEqv
067170,오텍,P,e,q,V,PeqV
353590,오토앤,P,E,q,v,PEqv
173130,오파스넷,P,E,Q,v,PEQv
049480,오픈베이스,P,e,Q,V,PeQV
394280,오픈엣지테크놀로지,P,E,q,v,PEqv
309930,오하임앤컴퍼니,p,E,Q,v,pEQv
244460,올리패스,P,E,q,v,PEqv
226950,올릭스,P,E,q,v,PEqv
057540,옴니시스템,p,e,Q,V,peQV
131030,옵투스제약,p,e,Q,V,peQV
082210,옵트론텍,p,E,q,v,pEqv
109080,옵티시스,P,e,Q,V,PeQV
380540,옵티코어,P,E,q,v,PEqv
153710,옵티팜,P,E,q,V,PEqV
338840,와이바이오로직스,P,E,q,v,PEqv
122990,와이솔,p,e,Q,V,peQV
232140,와이씨,P,E,Q,v,PEQv
112290,와이씨켐,P,E,q,v,PEqv
067900,와이엔텍,p,e,Q,V,peQV
007530,와이엠,p,e,q,V,peqV
155650,와이엠씨,p,e,Q,V,peQV
273640,와이엠텍,p,E,Q,v,pEQv
251370,와이엠티,P,E,Q,V,PEQV
066430,와이오엠,P,e,Q,v,PeQv
019210,와이지-원,p,e,q,V,peqV
122870,와이지엔터테인먼트,P,E,Q,v,PEQv
332570,와이팜,p,e,Q,v,peQv
032820,우리기술,P,E,Q,V,PEQV
115440,우리넷,p,e,Q,V,peQV
046970,우리로,P,e,Q,v,PeQv
082850,우리바이오,P,e,q,v,Peqv
215360,우리산업,P,e,q,V,PeqV
072470,우리산업홀딩스,P,e,q,v,Peqv
073560,우리손에프앤지,P,e,Q,V,PeQV
037400,우리엔터프라이즈,P,e,q,V,PeqV
153490,우리이앤엘,p,e,Q,V,peQV
101170,우림피티에스,p,e,Q,v,peQv
066590,우수AMS,P,e,q,v,Peqv
103840,우양,P,E,q,v,PEqv
046940,우원개발,P,e,Q,V,PeQV
215380,우정바이오,P,e,q,V,PeqV
065680,우주일렉트로,p,e,Q,V,peQV
018620,우진비앤지,p,e,Q,V,peQV
307280,원바이오젠,p,E,Q,V,pEQV
032940,원익,P,e,Q,V,PeQV
240810,원익IPS,P,E,Q,V,PEQV
074600,원익QnC,p,E,q,v,pEqv
104830,원익머트리얼즈,p,e,Q,V,peQV
014190,원익큐브,P,e,Q,v,PeQv
217820,원익피앤이,P,E,q,V,PEqV
030530,원익홀딩스,P,e,Q,v,PeQv
012620,원일특강,P,e,Q,V,PeQV
382840,원준,p,E,Q,v,pEQv
336570,원텍,p,E,Q,v,pEQv
376980,원티드랩,P,e,Q,v,PeQv
008370,원풍,p,e,Q,V,peQV
008290,원풍물산,P,E,q,V,PEqV
101160,월덱스,p,e,Q,V,peQV
064090,웨스트라이즈,p,e,Q,V,peQV
336060,웨이버스,P,e,Q,v,PeQv
095270,웨이브일렉트로,p,e,Q,V,peQV
065950,웰크론,P,e,q,V,PeqV
076080,웰크론한텍,P,e,q,v,Peqv
043590,웰킵스하이텍,P,e,Q,v,PeQv
196700,웹스,P,e,Q,V,PeQV
069080,웹젠,p,e,Q,V,peQV
053580,웹케시,p,e,Q,V,peQV
071460,위니아,P,e,Q,V,PeQV
377460,위니아에이드,P,e,q,V,PeqV
044340,위닉스,P,e,Q,V,PeQV
330350,위더스제약,p,e,Q,V,peQV
348350,위드텍,p,e,Q,V,peQV
112040,위메이드,P,E,q,v,PEqv
101730,위메이드맥스,P,E,Q,v,PEQv
123420,위메이드플레이,P,e,Q,v,PeQv
065370,위세아이텍,P,e,Q,v,PeQv
038620,위즈코프,P,e,Q,V,PeQV
299900,위지윅스튜디오,P,e,Q,v,PeQv
036090,위지트,p,e,q,v,peqv
136540,윈스,p,e,Q,V,peQV
320000,윈텍,P,E,Q,v,PEQv
097800,윈팩,P,E,q,v,PEqv
192390,윈하이텍,p,e,Q,V,peQV
335870,윙스풋,P,e,Q,V,PeQV
900340,윙입푸드,p,e,Q,V,peQV
036200,유니셈,p,e,Q,V,peQV
018000,유니슨,P,E,q,v,PEqv
203450,유니온커뮤니티,P,e,Q,V,PeQV
011320,유니크,P,e,q,V,PeqV
086390,유니테스트,P,E,Q,V,PEQV
241690,유니테크노,p,e,Q,v,peQv
142210,유니트론텍,p,e,Q,v,peQv
048430,유라테크,p,e,Q,V,peQV
206650,유바이오로직스,P,E,q,V,PEqV
089850,유비벨록스,p,e,Q,V,peQV
032620,유비케어,P,E,Q,v,PEQv
264450,유비쿼스,p,e,Q,V,peQV
078070,유비쿼스홀딩스,p,e,Q,V,peQV
024800,유성티엔에스,p,e,Q,V,peQV
054930,유신,P,e,Q,V,PeQV
069330,유아이디,P,e,q,v,Peqv
049520,유아이엘,p,e,Q,v,peQv
263770,유에스티,p,e,Q,V,peQV
388720,유일로보틱스,P,E,q,v,PEqv
340930,유일에너테크,P,E,q,v,PEqv
023410,유진기업,P,e,Q,V,PeQV
056080,유진로봇,P,E,q,v,PEqv
084370,유진테크,p,E,Q,v,pEQv
240600,유진테크놀로지,p,E,q,v,pEqv
179900,유티아이,P,E,q,v,PEqv
191410,육일씨엔에쓰,p,e,Q,V,peQV
372170,윤성에프앤씨,p,E,Q,v,pEQv
072770,율호,P,E,q,v,PEqv
039020,이건홀딩스,P,e,q,V,PeqV
067920,이글루,P,e,Q,V,PeQV
044960,이글벳,p,e,Q,V,peQV
296640,이노룰스,p,e,Q,v,peQv
302430,이노메트리,p,E,Q,v,pEQv
274400,이노시뮬레이션,P,E,Q,v,PEQv
056090,이노시스,P,e,Q,V,PeQV
073490,이노와이어리스,P,e,Q,V,PeQV
215790,이노인스트루먼트,P,e,q,V,PeqV
344860,이노진,p,E,Q,V,pEQV
088390,이녹스,P,E,Q,v,PEQv
272290,이녹스첨단소재,p,e,Q,v,peQv
053350,이니텍,P,E,Q,V,PEQV
264850,이랜시스,p,E,Q,v,pEQv
054210,이랜텍,P,e,q,v,Peqv
009730,이렘,P,E,q,V,PEqV
164060,이루다,p,E,q,v,pEqv
065440,이루온,p,e,Q,V,peQV
115610,이미지스,P,E,q,v,PEqv
131400,이브이첨단소재,p,e,Q,v,peQv
351330,이삭엔지니어링,P,E,Q,v,PEQv
080010,이상네트웍스,p,e,Q,V,peQV
086890,이수앱지스,P,E,q,V,PEqV
047560,이스트소프트,P,E,q,v,PEqv
900110,이스트아시아홀딩스,P,e,Q,V,PeQV
239340,이스트에이드,p,E,q,v,pEqv
102710,이엔에프테크놀로지,p,e,q,v,peqv
041520,이엘씨,P,e,Q,V,PeQV
063760,이엘피,P,e,Q,V,PeQV
123570,이엠넷,p,e,Q,v,peQv
083470,이엠앤아이,P,E,Q,v,PEQv
095190,이엠코리아,P,e,q,V,PeqV
091120,이엠텍,P,E,Q,v,PEQv
039030,이오테크닉스,p,E,Q,v,pEQv
294090,이오플로우,P,E,q,v,PEqv
353810,이지바이오,p,E,q,V,pEqV
035810,이지홀딩스,P,e,q,V,PeqV
160600,이큐셀,p,E,q,V,pEqV
092130,이크레더블,p,E,Q,V,pEQV
096040,이트론,P,e,q,V,PeqV
134060,이퓨쳐,p,e,Q,V,peQV
001840,이화공영,P,e,q,V,PeqV
024810,이화전기,P,e,Q,V,PeQV
041830,인바디,p,e,Q,V,peQV
352940,인바이오,p,e,q,V,peqV
079950,인베니아,P,e,q,v,Peqv
389470,인벤티지랩,P,E,q,v,PEqv
277410,인산가,P,e,Q,V,PeQV
060150,인선이엔티,p,e,Q,V,peQV
033230,인성정보,P,e,q,v,Peqv
450520,인스웨이브시스템즈,P,e,Q,v,PeQv
037330,인지디스플레,P,e,Q,V,PeQV
100030,인지소프트,p,E,Q,V,pEQV
211050,인카금융서비스,p,E,q,V,pEqV
083640,인콘,P,e,q,V,PeqV
216050,인크로스,p,e,Q,V,peQV
049070,인탑스,p,e,Q,v,peQv
119610,인터로조,p,E,Q,V,pEQV
017250,인터엠,P,e,q,V,PeqV
051370,인터플렉스,p,e,Q,v,peQv
064290,인텍플러스,P,E,q,v,PEqv
189300,인텔리안테크,P,e,Q,v,PeQv
150840,인트로메딕,P,E,q,V,PEqV
048530,인트론바이오,P,e,Q,v,PeQv
115310,인포바인,p,e,Q,V,peQV
039290,인포뱅크,P,e,Q,v,PeQv
071200,인피니트헬스케어,p,e,Q,V,peQV
101930,인화정공,p,e,Q,V,peQV
333430,일승,P,E,Q,V,PEQV
068330,일신바이오,p,E,Q,V,pEQV
178780,일월지엠엘,P,E,q,V,PEqV
019540,일지테크,p,e,q,V,peqV
094820,일진파워,p,e,Q,V,peQV
950140,잉글우드랩,p,E,Q,v,pEQv
049550,잉크테크,p,e,Q,V,peQV
389020,자람테크놀로지,p,E,Q,v,pEQv
254120,자비스,p,E,q,v,pEqv
043910,자연과환경,p,e,Q,V,peQV
234920,자이글,P,E,q,v,PEqv
289220,자이언트스텝,P,E,q,v,PEqv
174880,장원테크,p,e,Q,v,peQv
049630,재영솔루텍,p,e,q,V,peqV
110020,전진바이오팜,P,E,q,V,PEqV
208140,정다운,p,e,Q,V,peQV
040420,정상제이엘에스,p,e,Q,V,peQV
045510,정원엔시스,P,e,Q,V,PeQV
217190,제너셈,p,E,Q,v,pEQv
095700,제넥신,P,e,q,V,PeqV
122310,제노레이,p,e,Q,V,peQV
361390,제노코,P,E,Q,V,PEQV
187420,제노포커스,P,E,q,v,PEqv
123330,제닉,P,e,q,V,PeqV
159580,제로투세븐,P,e,Q,v,PeQv
147830,제룡산업,p,e,Q,V,peQV
033100,제룡전기,p,E,Q,v,pEQv
079370,제우스,p,E,Q,v,pEQv
054950,제이브이엠,p,E,Q,V,pEQV
090470,제이스텍,P,E,Q,v,PEQv
287410,제이시스메디칼,p,E,Q,v,pEQv
137950,제이씨케미칼,P,e,Q,V,PeQV
033320,제이씨현시스템,P,e,Q,V,PeQV
417500,제이아이테크,p,E,Q,v,pEQv
204270,제이앤티씨,p,E,Q,v,pEQv
026040,제이에스티나,P,e,Q,V,PeQV
126880,제이엔케이글로벌,P,e,q,V,PeqV
322510,제이엘케이,P,E,q,v,PEqv
033050,제이엠아이,P,e,Q,V,PeQV
094970,제이엠티,P,e,Q,v,PeQv
418550,제이오,p,E,Q,v,pEQv
089790,제이티,P,e,Q,v,PeQv
052670,제일바이오,P,e,Q,V,PeQV
199820,제일일렉트릭,p,e,Q,V,peQV
038010,제일테크노스,p,e,Q,V,peQV
276730,제주맥주,P,E,q,V,PEqV
080220,제주반도체,p,E,Q,v,pEQv
229000,젠큐릭스,P,E,q,v,PEqv
082270,젬백스,P,E,q,V,PEqV
044060,조광ILI,p,e,q,V,peqV
034940,조아제약,P,e,q,V,PeqV
067000,조이시티,p,E,q,v,pEqv
033340,좋은사람들,p,E,Q,V,pEQV
036930,주성엔지니어링,p,E,Q,v,pEQv
072020,중앙백신,p,e,Q,V,peQV
000440,중앙에너비스,P,e,Q,V,PeQV
051980,중앙첨단소재,P,E,q,v,PEqv
228760,지노믹트리,P,E,Q,v,PEQv
314130,지놈앤컴퍼니,P,E,q,v,PEqv
043610,지니뮤직,p,e,Q,V,peQV
263860,지니언스,P,e,Q,v,PeQv
303030,지니틱스,P,E,q,v,PEqv
036180,지더블유바이텍,P,e,q,v,Peqv
208350,지란지교시큐리티,P,e,Q,V,PeQV
144510,지씨셀,P,e,Q,v,PeQv
382480,지아이텍,p,E,Q,v,pEQv
382800,지앤비에스 에코,p,E,Q,v,pEQv
051160,지어소프트,p,e,Q,V,peQV
053050,지에스이,p,e,q,V,peqV
119850,지엔씨에너지,p,e,Q,V,peQV
065060,지엔코,P,e,q,V,PeqV
204840,지엘팜텍,P,E,q,V,PEqV
270520,지오릿에너지,P,E,q,v,PEqv
311320,지오엘리먼트,p,E,Q,v,pEQv
018120,진로발효,p,e,Q,V,peQV
109820,진매트릭스,P,E,Q,v,PEQv
086060,진바이오텍,p,e,Q,V,peQV
036890,진성티이씨,p,e,Q,V,peQV
007370,진양제약,p,e,Q,V,peQV
085660,차바이오텍,P,E,q,v,PEqv
094850,참좋은여행,p,e,Q,V,peQV
004650,창해에탄올,p,e,Q,V,peQV
278280,천보,P,E,q,v,PEqv
362320,청담글로벌,p,E,q,V,pEqV
066360,체리부로,P,e,Q,V,PeQV
047820,초록뱀미디어,p,e,Q,V,peQV
094360,칩스앤미디어,p,E,q,v,pEqv
016920,카스,P,e,q,V,PeqV
284620,카이노스메드,P,E,q,v,PEqv
293490,카카오게임즈,P,e,q,V,PeqV
042000,카페24,P,E,Q,v,PEQv
313760,캐리,P,E,q,v,PEqv
317530,캐리소프트,P,E,q,V,PEqV
071850,캐스텍코리아,P,e,q,V,PeqV
050110,캠시스,P,e,q,V,PeqV
119860,커넥트웨이브,p,e,Q,v,peQv
900310,컬러레이,P,e,Q,V,PeQV
078340,컴투스,P,e,Q,V,PeQV
063080,컴투스홀딩스,p,e,q,v,peqv
079190,케스피온,P,e,Q,V,PeQV
263700,케어랩스,p,e,q,v,peqv
214370,케어젠,p,E,Q,v,pEQv
221980,케이디켐,p,e,Q,V,peQV
115500,케이씨에스,p,E,Q,v,pEQv
089150,케이씨티,p,E,Q,V,pEQV
025880,케이씨피드,p,e,Q,V,peQV
093320,케이아이엔엑스,p,E,Q,v,pEQv
073010,케이에스피,p,E,Q,v,pEQv
105330,케이엔더블유,p,e,Q,V,peQV
053080,케이엔솔,p,e,q,v,peqv
272110,케이엔제이,p,E,Q,v,pEQv
039420,케이엘넷,p,e,Q,V,peQV
083550,케이엠,P,E,Q,V,PEQV
032500,케이엠더블유,P,E,q,v,PEqv
225430,케이엠제약,P,E,Q,V,PEQV
102370,케이옥션,P,e,q,v,Peqv
036030,케이티알파,p,e,Q,V,peQV
064820,케이프,p,e,q,V,peqV
256940,케이피에스,p,E,Q,v,pEQv
024880,케이피에프,p,e,q,V,peqV
042040,케이피엠테크,P,e,Q,V,PeQV
054410,케이피티유,p,e,Q,V,peQV
258610,케일럼,P,E,q,v,PEqv
274090,켄코아에어로스페이스,P,E,q,V,PEqV
089010,켐트로닉스,p,E,q,v,pEqv
220260,켐트로스,p,E,Q,v,pEQv
052400,코나아이,p,e,q,V,peqV
402030,코난테크놀로지,P,E,q,v,PEqv
391710,코닉오토메이션,P,E,q,v,PEqv
046070,코다코,P,e,Q,v,PeQv
047770,코데즈컴바인,p,e,Q,V,peQV
080530,코디,P,E,q,v,PEqv
104540,코렌텍,P,E,Q,V,PEQV
027050,코리아나,P,e,Q,V,PeQV
123410,코리아에프티,p,e,Q,v,peQv
036690,코맥스,P,e,q,V,PeqV
049430,코메론,p,e,Q,V,peQV
183300,코미코,p,E,Q,V,pEQV
041960,코미팜,p,E,q,V,pEqV
082660,코스나인,P,e,q,v,Peqv
222040,코스맥스엔비티,P,E,q,V,PEqV
241710,코스메카코리아,p,E,Q,V,pEQV
355150,코스텍시스,p,E,q,v,pEqv
166480,코아스템켐온,P,E,q,v,PEqv
045970,코아시아,P,E,q,v,PEqv
196450,코아시아씨엠,P,e,q,V,PeqV
029960,코엔텍,p,E,Q,V,pEQV
102940,코오롱생명과학,P,e,q,v,Peqv
950160,코오롱티슈진,P,E,Q,v,PEQv
033290,코웰패션,p,e,q,v,peqv
056360,코위버,P,e,Q,V,PeQV
282880,코윈테크,P,E,Q,v,PEQv
121850,코이즈,P,e,q,v,Peqv
015710,코콤,P,e,Q,V,PeQV
052330,코텍,p,e,Q,V,peQV
322780,코퍼스코리아,P,E,q,V,PEqV
200130,콜마비앤에이치,p,e,Q,V,peQV
294570,쿠콘,p,e,Q,V,peQV
317690,퀀타매트릭스,P,E,q,V,PEqV
078940,퀀타피아,P,E,q,V,PEqV
227100,퀀텀온,P,e,q,v,Peqv
365270,큐라클,P,E,q,v,PEqv
060280,큐렉소,P,E,Q,v,PEQv
051780,큐로홀딩스,P,e,q,V,PeqV
115180,큐리언트,P,E,q,v,PEqv
182360,큐브엔터,p,E,Q,v,pEQv
405100,큐알티,P,E,Q,v,PEQv
066310,큐에스아이,p,e,Q,V,peQV
096240,크레버스,p,E,q,V,pEqV
040350,크레오에스지,P,e,q,V,PeqV
110790,크리스에프앤씨,P,e,Q,V,PeQV
900250,크리스탈신소재,p,e,Q,v,peQv
045520,크린앤사이언스,p,e,q,V,peqV
214150,클래시스,p,E,Q,V,pEQV
352770,클리노믹스,P,e,q,v,Peqv
237880,클리오,p,E,Q,V,pEQV
139670,키네마스터,p,E,Q,v,pEQv
054780,키이스트,P,E,Q,V,PEQV
219130,타이거일렉,P,E,Q,v,PEQv
360070,탑머티리얼,p,E,Q,v,pEQv
065130,탑엔지니어링,P,e,Q,v,PeQv
134580,탑코미디어,P,e,q,V,PeqV
023160,태광,p,e,Q,V,peQV
323280,태성,p,E,Q,v,pEQv
053620,태양,P,e,Q,V,PeQV
044490,태웅,p,e,Q,v,peQv
124560,태웅로직스,P,e,Q,v,PeQv
191420,테고사이언스,P,E,Q,v,PEQv
073640,테라사이언스,P,e,Q,v,PeQv
066700,테라젠이텍스,p,e,Q,V,peQV
095610,테스,p,e,Q,V,peQV
064520,테크엘,p,e,Q,V,peQV
089030,테크윙,P,E,q,v,PEqv
054450,텔레칩스,P,E,Q,v,PEQv
200230,텔콘RF제약,P,E,q,V,PEqV
393210,토마토시스템,P,E,Q,v,PEQv
215480,토박스코리아,P,e,Q,V,PeQV
051360,토비스,p,e,Q,v,peQv
045340,토탈소프트,p,E,Q,V,pEQV
108230,톱텍,p,e,Q,v,peQv
079970,투비소프트,P,e,q,v,Peqv
199800,툴젠,P,E,q,v,PEqv
290090,트윔,P,e,Q,V,PeQV
026150,특수건설,P,e,q,V,PeqV
322180,티라유텍,P,E,q,v,PEqv
117730,티로보틱스,P,E,q,v,PEqv
033830,티비씨,P,E,Q,V,PEQV
057680,티사이언티픽,p,e,q,v,peqv
204610,티쓰리,p,e,Q,V,peQV
064760,티씨케이,p,E,Q,V,pEQV
246710,티앤알바이오팹,P,E,q,v,PEqv
340570,티앤엘,p,E,Q,v,pEQv
043220,티에스넥스젠,P,E,Q,V,PEQV
131290,티에스이,P,E,Q,v,PEQv
425420,티에프이,p,E,Q,v,pEQv
131100,티엔엔터테인먼트,p,e,q,v,peqv
356860,티엘비,P,E,Q,v,PEQv
062860,티엘아이,P,e,Q,V,PeQV
321550,티움바이오,P,E,q,v,PEqv
425040,티이엠씨,p,E,Q,v,pEQv
241790,티이엠씨씨엔에스,p,e,Q,V,peQV
104480,티케이케미칼,p,e,Q,V,peQV
081150,티플랙스,P,e,Q,V,PeQV
130740,티피씨글로벌,P,E,Q,v,PEQv
084730,팅크웨어,p,e,Q,v,peQv
033540,파라텍,P,e,q,v,Peqv
043200,파루,P,e,q,V,PeqV
214450,파마리서치,p,E,Q,v,pEQv
177830,파버나인,p,e,q,V,peqV
037070,파세코,P,e,Q,V,PeQV
150900,파수,P,e,Q,v,PeQv
037030,파워넷,p,e,Q,V,peQV
047310,파워로직스,P,e,Q,v,PeQv
368770,파이버프로,p,E,Q,V,pEQV
170790,파이오링크,P,e,Q,V,PeQV
049120,파인디앤씨,p,e,q,V,peqV
038950,파인디지털,P,e,Q,V,PeQV
441270,파인엠텍,P,E,Q,v,PEQv
106240,파인테크닉스,P,e,Q,V,PeQV
131760,파인텍,p,e,q,V,peqV
065690,파커스,P,e,q,V,PeqV
140860,파크시스템스,p,E,Q,V,pEQV
091700,파트론,p,e,Q,V,peQV
032800,판타지오,P,e,q,v,Peqv
318010,팜스빌,p,e,Q,V,peQV
027710,팜스토리,P,e,q,V,PeqV
225590,패션플랫폼,p,e,Q,V,peQV
054300,팬스타엔터프라이즈,P,e,Q,V,PeQV
222110,팬젠,P,E,q,V,PEqV
271830,팸텍,P,e,Q,v,PeQv
263750,펄어비스,p,E,Q,V,pEQV
251970,펌텍코리아,p,e,Q,V,peQV
168360,펨트론,P,E,q,v,PEqv
087010,펩트론,P,E,q,v,PEqv
064800,포니링크,P,e,Q,v,PeQv
119500,포메탈,P,e,Q,V,PeQV
389140,포바이포,P,E,q,v,PEqv
009520,포스코엠텍,P,E,Q,v,PEQv
189690,포시에스,P,e,Q,v,PeQv
318020,포인트모바일,p,E,Q,V,pEQV
256630,포인트엔지니어링,P,E,Q,V,PEQV
331380,포커스에이치엔에스,P,E,Q,V,PEQV
039980,폴라리스AI,P,e,Q,v,PeQv
234100,폴라리스세원,p,e,Q,v,peQv
041020,폴라리스오피스,p,E,Q,v,pEQv
114630,폴라리스우노,p,e,Q,V,peQV
290720,푸드나무,P,E,q,V,PEqV
005670,푸드웰,p,e,Q,V,peQV
094940,푸른기술,P,E,Q,v,PEQv
057880,푸른소나무,P,E,q,v,PEqv
023900,풍국주정,p,e,Q,V,peQV
371950,풍원정밀,P,E,q,v,PEqv
370090,퓨런티어,p,E,Q,v,pEQv
151910,퓨처코어,P,E,q,v,PEqv
220100,퓨쳐켐,P,E,Q,v,PEQv
035200,프럼파스트,p,e,Q,V,peQV
334970,프레스티지바이오로직스,P,E,q,V,PEqV
321260,프로이천,p,E,Q,v,pEQv
053610,프로텍,P,e,Q,v,PeQv
377220,프롬바이오,P,e,q,V,PeqV
335810,프리시젼바이오,P,e,q,v,Peqv
053160,프리엠스,P,e,Q,V,PeQV
405000,플라즈맵,P,E,q,v,PEqv
041590,플래스크,P,E,q,V,PEqV
367000,플래티어,P,E,Q,V,PEQV
075130,플랜티넷,p,e,Q,V,peQV
237820,플레이디,p,e,Q,v,peQv
023770,플레이위드,p,E,Q,V,pEQV
241820,피씨엘,P,E,q,v,PEqv
237750,피앤씨테크,p,e,Q,V,peQV
319660,피에스케이,p,E,Q,V,pEQV
031980,피에스케이홀딩스,p,E,Q,v,pEQv
002230,피에스텍,p,e,Q,V,peQV
043370,피에이치에이,p,e,Q,v,peQv
239890,피엔에이치테크,p,E,Q,v,pEQv
347740,피엔케이피부임상연구센타,p,e,Q,V,peQV
137400,피엔티,p,E,q,v,pEqv
257370,피엔티엠에스,P,E,q,V,PEqV
147760,피엠티,P,E,q,v,PEqv
006140,피제이전자,p,e,Q,V,peQV
376180,피코그램,p,E,Q,v,pEQv
304840,피플바이오,P,E,q,v,PEqv
062970,피피아이,P,E,q,v,PEqv
087600,픽셀플러스,p,e,Q,v,peQv
291810,핀텔,P,e,Q,v,PeQv
161580,필옵틱스,P,e,q,v,Peqv
347770,핌스,P,E,Q,v,PEQv
163730,핑거,P,E,Q,v,PEQv
417180,핑거스토리,P,E,Q,v,PEQv
299030,하나기술,P,E,q,v,PEqv
067310,하나마이크론,P,E,q,v,PEqv
166090,하나머티리얼즈,p,E,Q,V,pEQV
136480,하림,P,e,q,v,Peqv
003380,하림지주,P,e,q,V,PeqV
101670,하이드로리튬,P,E,q,v,PEqv
365590,하이딥,P,E,q,v,PEqv
149980,하이로닉,p,E,Q,v,pEQv
013030,하이록코리아,p,e,Q,V,peQV
126700,하이비젼시스템,p,e,Q,v,peQv
106080,하이소닉,P,E,q,v,PEqv
221840,하이즈항공,P,e,q,V,PeqV
106190,하이텍팜,p,e,Q,v,peQv
065650,하이퍼코퍼레이션,P,e,q,v,Peqv
066130,하츠,p,e,Q,V,peQV
004590,한국가구,p,e,Q,V,peQV
039340,한국경제TV,p,e,Q,V,peQV
034950,한국기업평가,p,E,Q,V,pEQV
222980,한국맥널티,P,e,q,V,PeqV
256840,한국비엔씨,p,E,Q,v,pEQv
219750,한국비티비,p,e,q,V,peqV
025550,한국선재,P,e,q,V,PeqV
017890,한국알콜,p,e,Q,V,peQV
080720,한국유니온제약,P,e,q,V,PeqV
063570,한국전자금융,p,e,q,V,peqV
041460,한국전자인증,p,e,Q,v,peQv
101680,한국정밀기계,P,e,q,v,Peqv
039740,한국정보공학,P,e,Q,v,PeQv
053300,한국정보인증,p,e,Q,v,peQv
025770,한국정보통신,p,e,Q,V,peQV
054040,한국컴퓨터,P,e,Q,v,PeQv
021650,한국큐빅,p,e,Q,V,peQV
032300,한국파마,p,E,Q,v,pEQv
037230,한국팩키지,P,e,q,V,PeqV
030520,한글과컴퓨터,p,e,Q,v,peQv
052600,한네트,p,e,Q,V,peQV
256150,한독크린텍,p,e,Q,V,peQV
092460,한라IMS,p,e,Q,V,peQV
066980,한성크린텍,p,e,Q,v,peQv
114810,한솔아이원스,p,E,Q,v,pEQv
070590,한솔인티큐브,P,e,q,V,PeqV
226440,한송네오텍,P,E,q,V,PEqV
042520,한스바이오메드,P,E,q,v,PEqv
078350,한양디지텍,p,E,Q,v,pEQv
045100,한양이엔지,p,e,Q,V,peQV
091440,한울소재과학,P,E,q,v,PEqv
024740,한일단조,p,e,q,V,peqV
005860,한일사료,P,e,Q,V,PeQV
007770,한일화학,p,e,Q,V,peQV
198940,한주라이트메탈,P,E,q,V,PEqV
058450,한주에이알티,P,E,q,v,PEqv
079170,한창산업,p,e,Q,V,peQV
054920,한컴위드,P,e,Q,v,PeQv
002680,한탑,P,e,q,V,PeqV
034810,해성산업,p,e,q,V,peqV
076610,해성옵틱스,p,e,q,v,peqv
220180,핸디소프트,P,e,Q,v,PeQv
900270,헝셩그룹,P,e,Q,v,PeQv
214180,헥토이노베이션,p,e,Q,V,peQV
234340,헥토파이낸셜,p,e,q,v,peqv
084990,헬릭스미스,P,e,q,v,Peqv
170030,현대공업,p,e,Q,v,peQv
319400,현대무벡스,p,E,Q,v,pEQv
048410,현대바이오,p,E,q,v,pEqv
052260,현대바이오랜드,p,e,Q,V,peQV
016790,현대사료,P,e,Q,v,PeQv
041440,현대에버다임,P,e,Q,V,PeQV
039010,현대에이치티,p,e,Q,v,peQv
090850,현대이지웰,p,e,q,V,peqV
092300,현우산업,p,e,Q,v,peQv
138360,협진,P,e,Q,v,PeQv
011080,형지I&C,P,e,Q,V,PeQV
060560,홈센타홀딩스,p,e,Q,V,peQV
064240,홈캐스트,P,e,Q,V,PeQV
039610,화성밸브,p,e,Q,V,peQV
126640,화신정공,P,e,Q,V,PeQV
061250,화일약품,P,e,Q,V,PeQV
097870,효성오앤비,p,e,Q,V,peQV
290270,휴네시온,P,e,Q,V,PeQV
353190,휴럼,P,e,Q,V,PeQV
192410,휴림네트웍스,P,e,q,v,Peqv
090710,휴림로봇,P,E,Q,v,PEQv
078590,휴림에이텍,p,e,Q,v,peQv
205470,휴마시스,P,e,Q,v,PeQv
115160,휴맥스,P,e,q,V,PeqV
028080,휴맥스홀딩스,P,e,q,v,Peqv
175140,휴먼테크놀로지,P,e,q,v,Peqv
200670,휴메딕스,p,e,Q,V,peQV
065510,휴비츠,p,e,Q,v,peQv
215090,휴센텍,p,E,q,V,pEqV
243070,휴온스,p,e,Q,V,peQV
084110,휴온스글로벌,p,e,Q,V,peQV
145020,휴젤,p,E,Q,V,pEQV
024060,흥구석유,P,e,Q,v,PeQv
010240,흥국,p,e,Q,V,peQV
189980,흥국에프엔비,p,e,Q,V,peQV
037440,희림,p,e,q,V,peqV
238490,힘스,p,e,Q,V,peQV
